Workbook

Sheet LOOKUP
A1: ID | B1: NAME | C1: GROUP
A2: 493 | B2: Ischemic heart disease | C2: Cardiovascular (Level-3)
A3: 494 | B3: Stroke | C3: Cardiovascular (Level-3)
A4: 500 | B4: Atrial fibrillation and flutter | C4: Cardiovascular (Level-3)
A5: 498 | B5: Hypertensive heart disease | C5: Cardiovascular (Level-3)
A6: 499 | B6: Cardiomyopathy and myocarditis | C6: Cardiovascular (Level-3)
A7: 502 | B7: Lower extremity peripheral arterial disease | C7: Cardiovascular (Level-3)
A8: 587 | B8: Diabetes mellitus | C8: Diabetes & kidney (Level-3)
A9: 589 | B9: Chronic kidney disease | C9: Diabetes & kidney (Level-3)
A10: 509 | B10: Chronic obstructive pulmonary disease | C10: Chronic respiratory (Level-3)
A11: 515 | B11: Asthma | C11: Chronic respiratory (Level-3)
A12: 628 | B12: Osteoarthritis | C12: Musculoskeletal (Level-3)
A13: 627 | B13: Rheumatoid arthritis | C13: Musculoskeletal (Level-3)
... A26: 1059 | B26: Total Cancers excluding Non-melanoma skin cancer | C26: Combined cancer (aggregate in workbook; not Level-3)

Sheet RAW_PREV
A1: GENDER | B1: AGE_BAND | C1: CAUSE_ID | D1: COND | E1: CAUSE_GROUP | F1: PREV
A2: F | B2: 00_04 | C2: 493 | D2: Ischemic heart disease | E2: =VLOOKUP(C2,LOOKUP!$A$1:$C$26,3,FALSE) -> Cardiovascular (Level-3) | F2: 0
A3: F | B3: 05_09 | C3: 493 | D3: Ischemic heart disease | E3: =VLOOKUP(C3,LOOKUP!$A$1:$C$26,3,FALSE) -> Cardiovascular (Level-3) | F3: 0
A4: F | B4: 10_14 | C4: 493 | D4: Ischemic heart disease | E4: =VLOOKUP(C4,LOOKUP!$A$1:$C$26,3,FALSE) -> Cardiovascular (Level-3) | F4: 0
A5: F | B5: 15_19 | C5: 493 | D5: Ischemic heart disease | E5: =VLOOKUP(C5,LOOKUP!$A$1:$C$26,3,FALSE) -> Cardiovascular (Level-3) | F5: 0.00015743665
A6: F | B6: 20_24 | C6: 493 | D6: Ischemic heart disease | E6: =VLOOKUP(C6,LOOKUP!$A$1:$C$26,3,FALSE) -> Cardiovascular (Level-3) | F6: 0.0004580276
A7: F | B7: 25_29 | C7: 493 | D7: Ischemic heart disease | E7: =VLOOKUP(C7,LOOKUP!$A$1:$C$26,3,FALSE) -> Cardiovascular (Level-3) | F7: 0.001054274
A8: F | B8: 30_34 | C8: 493 | D8: Ischemic heart disease | E8: =VLOOKUP(C8,LOOKUP!$A$1:$C$26,3,FALSE) -> Cardiovascular (Level-3) | F8: 0.0020946438
A9: F | B9: 35_39 | C9: 493 | D9: Ischemic heart disease | E9: =VLOOKUP(C9,LOOKUP!$A$1:$C$26,3,FALSE) -> Cardiovascular (Level-3) | F9: 0.0040349024
A10: F | B10: 40_44 | C10: 493 | D10: Ischemic heart disease | E10: =VLOOKUP(C10,LOOKUP!$A$1:$C$26,3,FALSE) -> Cardiovascular (Level-3) | F10: 0.0073115316
A11: F | B11: 45_49 | C11: 493 | D11: Ischemic heart disease | E11: =VLOOKUP(C11,LOOKUP!$A$1:$C$26,3,FALSE) -> Cardiovascular (Level-3) | F11: 0.013194211
A12: F | B12: 50_54 | C12: 493 | D12: Ischemic heart disease | E12: =VLOOKUP(C12,LOOKUP!$A$1:$C$26,3,FALSE) -> Cardiovascular (Level-3) | F12: 0.022248804
A13: F | B13: 55_59 | C13: 493 | D13: Ischemic heart disease | E13: =VLOOKUP(C13,LOOKUP!$A$1:$C$26,3,FALSE) -> Cardiovascular (Level-3) | F13: 0.035733052
... A321: M | B321: 95_PLUS | C321: 515 | D321: Asthma | E321: =VLOOKUP(C321,LOOKUP!$A$1:$C$26,3,FALSE) -> Chronic respiratory (Level-3) | F321: 0.059541935
A322: F | B322: 00_04 | C322: 1059 | D322: Total Cancers excluding Non-melanoma skin cancer | E322: Combined cancer (aggregate in workbook; not Level-3) | F322: 0.002609774
A323: F | B323: 05_09 | C323: 1059 | D323: Total Cancers excluding Non-melanoma skin cancer | E323: Combined cancer (aggregate in workbook; not Level-3) | F323: 0.0016455535
A324: F | B324: 10_14 | C324: 1059 | D324: Total Cancers excluding Non-melanoma skin cancer | E324: Combined cancer (aggregate in workbook; not Level-3) | F324: 0.0013757227
A325: F | B325: 15_19 | C325: 1059 | D325: Total Cancers excluding Non-melanoma skin cancer | E325: Combined cancer (aggregate in workbook; not Level-3) | F325: 0.0015420788
A326: F | B326: 20_24 | C326: 1059 | D326: Total Cancers excluding Non-melanoma skin cancer | E326: Combined cancer (aggregate in workbook; not Level-3) | F326: 0.0030023814
A327: F | B327: 25_29 | C327: 1059 | D327: Total Cancers excluding Non-melanoma skin cancer | E327: Combined cancer (aggregate in workbook; not Level-3) | F327: 0.0066658762
A328: F | B328: 30_34 | C328: 1059 | D328: Total Cancers excluding Non-melanoma skin cancer | E328: Combined cancer (aggregate in workbook; not Level-3) | F328: 0.0092070493
A329: F | B329: 35_39 | C329: 1059 | D329: Total Cancers excluding Non-melanoma skin cancer | E329: Combined cancer (aggregate in workbook; not Level-3) | F329: 0.015309267
A330: F | B330: 40_44 | C330: 1059 | D330: Total Cancers excluding Non-melanoma skin cancer | E330: Combined cancer (aggregate in workbook; not Level-3) | F330: 0.021987606
A331: F | B331: 45_49 | C331: 1059 | D331: Total Cancers excluding Non-melanoma skin cancer | E331: Combined cancer (aggregate in workbook; not Level-3) | F331: 0.030291559
A332: F | B332: 50_54 | C332: 1059 | D332: Total Cancers excluding Non-melanoma skin cancer | E332: Combined cancer (aggregate in workbook; not Level-3) | F332: 0.040634165
A333: F | B333: 55_59 | C333: 1059 | D333: Total Cancers excluding Non-melanoma skin cancer | E333: Combined cancer (aggregate in workbook; not Level-3) | F333: 0.055306663
... A361: M | B361: 95_PLUS | C361: 1059 | D361: Total Cancers excluding Non-melanoma skin cancer | E361: Combined cancer (aggregate in workbook; not Level-3) | F361: 0.11167302
A362: F | B362: 00_04 | C362: 587 | D362: Diabetes mellitus | E362: =VLOOKUP(C362,LOOKUP!$A$1:$C$26,3,FALSE) -> Diabetes & kidney (Level-3) | F362: 0.00023221509
A363: F | B363: 05_09 | C363: 587 | D363: Diabetes mellitus | E363: =VLOOKUP(C363,LOOKUP!$A$1:$C$26,3,FALSE) -> Diabetes & kidney (Level-3) | F363: 0.0013194809
A364: F | B364: 10_14 | C364: 587 | D364: Diabetes mellitus | E364: =VLOOKUP(C364,LOOKUP!$A$1:$C$26,3,FALSE) -> Diabetes & kidney (Level-3) | F364: 0.0029281734
A365: F | B365: 15_19 | C365: 587 | D365: Diabetes mellitus | E365: =VLOOKUP(C365,LOOKUP!$A$1:$C$26,3,FALSE) -> Diabetes & kidney (Level-3) | F365: 0.0065036683
A366: F | B366: 20_24 | C366: 587 | D366: Diabetes mellitus | E366: =VLOOKUP(C366,LOOKUP!$A$1:$C$26,3,FALSE) -> Diabetes & kidney (Level-3) | F366: 0.012792109
A367: F | B367: 25_29 | C367: 587 | D367: Diabetes mellitus | E367: =VLOOKUP(C367,LOOKUP!$A$1:$C$26,3,FALSE) -> Diabetes & kidney (Level-3) | F367: 0.020844666
A368: F | B368: 30_34 | C368: 587 | D368: Diabetes mellitus | E368: =VLOOKUP(C368,LOOKUP!$A$1:$C$26,3,FALSE) -> Diabetes & kidney (Level-3) | F368: 0.030096635
A369: F | B369: 35_39 | C369: 587 | D369: Diabetes mellitus | E369: =VLOOKUP(C369,LOOKUP!$A$1:$C$26,3,FALSE) -> Diabetes & kidney (Level-3) | F369: 0.040584688
A370: F | B370: 40_44 | C370: 587 | D370: Diabetes mellitus | E370: =VLOOKUP(C370,LOOKUP!$A$1:$C$26,3,FALSE) -> Diabetes & kidney (Level-3) | F370: 0.052436889
A371: F | B371: 45_49 | C371: 587 | D371: Diabetes mellitus | E371: =VLOOKUP(C371,LOOKUP!$A$1:$C$26,3,FALSE) -> Diabetes & kidney (Level-3) | F371: 0.066067185
A372: F | B372: 50_54 | C372: 587 | D372: Diabetes mellitus | E372: =VLOOKUP(C372,LOOKUP!$A$1:$C$26,3,FALSE) -> Diabetes & kidney (Level-3) | F372: 0.081615546
A373: F | B373: 55_59 | C373: 587 | D373: Diabetes mellitus | E373: =VLOOKUP(C373,LOOKUP!$A$1:$C$26,3,FALSE) -> Diabetes & kidney (Level-3) | F373: 0.099489256
... A1001: M | B1001: 95_PLUS | C1001: 674 | D1001: Age-related and other hearing loss | E1001: =VLOOKUP(C1001,LOOKUP!$A$1:$C$26,3,FALSE) -> Sense organ (Level-3) | F1001: 0.87134029

Sheet POPN
A1: IDX | B1: SIZE
A2: F|00_04 | B2: 11914
A3: F|05_09 | B3: 14570
A4: F|10_14 | B4: 16735
A5: F|15_19 | B5: 16743
A6: F|20_24 | B6: 13156
A7: F|25_29 | B7: 15321
A8: F|30_34 | B8: 17997
A9: F|35_39 | B9: 19260
A10: F|40_44 | B10: 17987
A11: F|45_49 | B11: 16872
A12: F|50_54 | B12: 18719
A13: F|55_59 | B13: 21955
... A39: M|90_PLUS | B39: 2676

Sheet GROWTH
A1: IDX | B1: YEAR | C1: PCT_GROWTH
A2: M|00_04 | B2: 2022 | C2: 0.052891707
A3: M|00_04 | B3: 2023 | C3: 0.039136518
A4: M|00_04 | B4: 2024 | C4: 0.02341956
A5: M|00_04 | B5: 2025 | C5: 0
A6: M|00_04 | B6: 2026 | C6: -0.021549037
A7: M|00_04 | B7: 2027 | C7: -0.033639004
A8: M|00_04 | B8: 2028 | C8: -0.036672902
A9: M|00_04 | B9: 2029 | C9: -0.038254482
A10: M|00_04 | B10: 2030 | C10: -0.040223854
A11: M|00_04 | B11: 2031 | C11: -0.042101982
A12: M|00_04 | B12: 2032 | C12: -0.04333379
A13: M|00_04 | B13: 2033 | C13: -0.04424624
... A989: F|90_PLUS | B989: 2047 | C989: 1.1121593

Sheet COND
A1: COND | B1: COND_LONG
A2: AF | B2: Atrial fibrillation and flutter
A3: ANX | B3: Anxiety disorders
A4: ASTH | B4: Asthma
A5: BIP | B5: Bipolar disorder
A6: CANX | B6: Total Cancers excluding Non-melanoma skin cancer
A7: CARDMYO | B7: Cardiomyopathy and myocarditis
A8: CKD | B8: Chronic kidney disease
A9: CLD | B9: Cirrhosis and other chronic liver diseases
A10: COPD | B10: Chronic obstructive pulmonary disease
A11: DEM | B11: Alzheimer's disease and other dementias
A12: DEP | B12: Depressive disorders
... A26: STR | B26: Stroke

Sheet PREV
A1: IDX | B1: COND | C1: PREV
A2: F|00_04 | B2: HEAR | C2: 0.0054730565
A3: F|05_09 | B3: HEAR | C3: 0.0093243666
A4: F|10_14 | B4: HEAR | C4: 0.011101215
A5: F|15_19 | B5: HEAR | C5: 0.01588719
A6: F|20_24 | B6: HEAR | C6: 0.025300336
A7: F|25_29 | B7: HEAR | C7: 0.036280258
A8: F|30_34 | B8: HEAR | C8: 0.050200874
A9: F|35_39 | B9: HEAR | C9: 0.069851023
A10: F|40_44 | B10: HEAR | C10: 0.096650972
A11: F|45_49 | B11: HEAR | C11: 0.14024643
A12: F|50_54 | B12: HEAR | C12: 0.19386516
A13: F|55_59 | B13: HEAR | C13: 0.26307556
... A951: M|90_PLUS | B951: CANX | C951: 0.11640603

Sheet OR
A1: COND_I | B1: COND_J | C1: OR
A2: IHD | B2: STR | C2: 1.08
A3: IHD | B3: AF | C3: 1.08
A4: IHD | B4: HHD | C4: 1.8
A5: IHD | B5: CARDMYO | C5: 1.7
A6: IHD | B6: PAD | C6: 1.9
A7: IHD | B7: DM | C7: 1.55
A8: IHD | B8: CKD | C8: 1.7
A9: IHD | B9: COPD | C9: 1.08
A10: IHD | B10: ASTH | C10: 1.08
A11: IHD | B11: OA | C11: 1.08
A12: IHD | B12: RA | C12: 1.08
A13: IHD | B13: LBP | C13: 1.08
... A301: HEAR | B301: CANX | C301: 1.08
