Workbook

Sheet QOF_PREV
A1: COND | B1: AGE | C1: DENOM | D1: NUMER | E1: PREV
A2: AF | B2: ALL | C2: 607920 | D2: 19943 | E2: =D2/C2 -> 0.032805303
A3: AST | B3: 06_PLUS | C3: 577056 | D3: 42369 | E3: =D3/C3 -> 0.073422683
A4: CAN | B4: ALL | C4: 607920 | D4: 32737 | E4: =D4/C4 -> 0.053850836
A5: CHD | B5: ALL | C5: 607920 | D5: 24026 | E5: =D5/C5 -> 0.039521648
A6: CKD | B6: 18_PLUS | C6: 495556 | D6: 26137 | E6: =D6/C6 -> 0.052742778
A7: COPD | B7: ALL | C7: 607920 | D7: 13843 | E7: =D7/C7 -> 0.022771088
A8: DEM | B8: ALL | C8: 607920 | D8: 5695 | E8: =D8/C8 -> 0.0093680089
A9: DEP | B9: 18_PLUS | C9: 495556 | D9: 88651 | E9: =D9/C9 -> 0.17889199
A10: DM | B10: 17_PLUS | C10: 503000 | D10: 41101 | E10: =D10/C10 -> 0.08171173
A11: EP | B11: 18_PLUS | C11: 495556 | D11: 4460 | E11: =D11/C11 -> 0.0089999919
A12: HF | B12: ALL | C12: 607920 | D12: 9899 | E12: =D12/C12 -> 0.016283393
A13: HYP | B13: ALL | C13: 607920 | D13: 113849 | E13: =D13/C13 -> 0.18727629
... A22: STIA | B22: ALL | C22: 607920 | D22: 15011 | E22: =D22/C22 -> 0.024692394

Sheet POPN
A1: IDX | B1: SIZE
A2: F|00_04 | B2: 11914
A3: F|05_09 | B3: 14570
A4: F|10_14 | B4: 16735
A5: F|15_19 | B5: 16743
A6: F|20_24 | B6: 13156
A7: F|25_29 | B7: 15321
A8: F|30_34 | B8: 17997
A9: F|35_39 | B9: 19260
A10: F|40_44 | B10: 17987
A11: F|45_49 | B11: 16872
A12: F|50_54 | B12: 18719
A13: F|55_59 | B13: 21955
... A39: M|90_PLUS | B39: 2676

Sheet GROWTH
A1: IDX | B1: YEAR | C1: PCT_GROWTH | D1: GENDER | E1: AGE | F1: POPN_PROJ
A2: M|00_04 | B2: 2022 | C2: 0.052891707 | D2: =LEFT(A2,1) -> M | E2: =MID(A2,3,LEN(A2)-2) -> 00_04 | F2: =VLOOKUP(A2,POPN!$A$1:$B$39,2,FALSE)*(1+GROWTH!C2) -> 13179.046
A3: M|00_04 | B3: 2023 | C3: 0.039136518 | D3: =LEFT(A3,1) -> M | E3: =MID(A3,3,LEN(A3)-2) -> 00_04 | F3: =VLOOKUP(A3,POPN!$A$1:$B$39,2,FALSE)*(1+GROWTH!C3) -> 13006.872
A4: M|00_04 | B4: 2024 | C4: 0.02341956 | D4: =LEFT(A4,1) -> M | E4: =MID(A4,3,LEN(A4)-2) -> 00_04 | F4: =VLOOKUP(A4,POPN!$A$1:$B$39,2,FALSE)*(1+GROWTH!C4) -> 12810.143
A5: M|00_04 | B5: 2025 | C5: 0 | D5: =LEFT(A5,1) -> M | E5: =MID(A5,3,LEN(A5)-2) -> 00_04 | F5: =VLOOKUP(A5,POPN!$A$1:$B$39,2,FALSE)*(1+GROWTH!C5) -> 12517
A6: M|00_04 | B6: 2026 | C6: -0.021549037 | D6: =LEFT(A6,1) -> M | E6: =MID(A6,3,LEN(A6)-2) -> 00_04 | F6: =VLOOKUP(A6,POPN!$A$1:$B$39,2,FALSE)*(1+GROWTH!C6) -> 12247.271
A7: M|00_04 | B7: 2027 | C7: -0.033639004 | D7: =LEFT(A7,1) -> M | E7: =MID(A7,3,LEN(A7)-2) -> 00_04 | F7: =VLOOKUP(A7,POPN!$A$1:$B$39,2,FALSE)*(1+GROWTH!C7) -> 12095.941
A8: M|00_04 | B8: 2028 | C8: -0.036672902 | D8: =LEFT(A8,1) -> M | E8: =MID(A8,3,LEN(A8)-2) -> 00_04 | F8: =VLOOKUP(A8,POPN!$A$1:$B$39,2,FALSE)*(1+GROWTH!C8) -> 12057.965
A9: M|00_04 | B9: 2029 | C9: -0.038254482 | D9: =LEFT(A9,1) -> M | E9: =MID(A9,3,LEN(A9)-2) -> 00_04 | F9: =VLOOKUP(A9,POPN!$A$1:$B$39,2,FALSE)*(1+GROWTH!C9) -> 12038.169
A10: M|00_04 | B10: 2030 | C10: -0.040223854 | D10: =LEFT(A10,1) -> M | E10: =MID(A10,3,LEN(A10)-2) -> 00_04 | F10: =VLOOKUP(A10,POPN!$A$1:$B$39,2,FALSE)*(1+GROWTH!C10) -> 12013.518
A11: M|00_04 | B11: 2031 | C11: -0.042101982 | D11: =LEFT(A11,1) -> M | E11: =MID(A11,3,LEN(A11)-2) -> 00_04 | F11: =VLOOKUP(A11,POPN!$A$1:$B$39,2,FALSE)*(1+GROWTH!C11) -> 11990.009
A12: M|00_04 | B12: 2032 | C12: -0.04333379 | D12: =LEFT(A12,1) -> M | E12: =MID(A12,3,LEN(A12)-2) -> 00_04 | F12: =VLOOKUP(A12,POPN!$A$1:$B$39,2,FALSE)*(1+GROWTH!C12) -> 11974.591
A13: M|00_04 | B13: 2033 | C13: -0.04424624 | D13: =LEFT(A13,1) -> M | E13: =MID(A13,3,LEN(A13)-2) -> 00_04 | F13: =VLOOKUP(A13,POPN!$A$1:$B$39,2,FALSE)*(1+GROWTH!C13) -> 11963.17
... A989: F|90_PLUS | B989: 2047 | C989: 1.1121593 | D989: =LEFT(A989,1) -> F | E989: =MID(A989,3,LEN(A989)-2) -> 90_PLUS | F989: =VLOOKUP(A989,POPN!$A$1:$B$39,2,FALSE)*(1+GROWTH!C989) -> 10554.46

Sheet COND
A1: COND | B1: COND_LONG
A2: AF | B2: Atrial fibrillation
A3: AST | B3: Asthma
A4: CAN | B4: Cancer
A5: CHD | B5: Secondary prevention of coronary heart disease
A6: CKD | B6: Chronic kidney disease
A7: COPD | B7: Chronic obstructive pulmonary disease
A8: DEM | B8: Dementia
A9: DEP | B9: Depression
A10: DM | B10: Diabetes mellitus
A11: EP | B11: Epilepsy
A12: HF | B12: Heart failure
... A22: STIA | B22: Stroke and transient ischaemic attack

Sheet PREV
A1: IDX | B1: COND | C1: PREV
A2: F|00_04 | B2: AF | C2: 0
A3: F|05_09 | B3: AF | C3: 0
A4: F|10_14 | B4: AF | C4: 0
A5: F|15_19 | B5: AF | C5: 0
A6: F|20_24 | B6: AF | C6: 0
A7: F|25_29 | B7: AF | C7: 0
A8: F|30_34 | B8: AF | C8: 0.0014094433
A9: F|35_39 | B9: AF | C9: 0.00064808814
A10: F|40_44 | B10: AF | C10: 0.0021008403
A11: F|45_49 | B11: AF | C11: 0.0020229265
A12: F|50_54 | B12: AF | C12: 0.0073074761
A13: F|55_59 | B13: AF | C13: 0.0084626234
... A799: M|90_PLUS | B799: STIA | C799: 0.22977346

Sheet OR
A1: COND_I | B1: COND_J | C1: OR
A2: AF | B2: AST | C2: 1.2140002
A3: AF | B3: CAN | C3: 1.3231992
A4: AF | B4: CHD | C4: 2.4168511
A5: AF | B5: CKD | C5: 2.5206279
A6: AF | B6: COPD | C6: 1.6044671
A7: AF | B7: DEM | C7: 1.2925318
A8: AF | B8: DEP | C8: 1.2390863
A9: AF | B9: DM | C9: 1.6940525
A10: AF | B10: EP | C10: 2.5677438
A11: AF | B11: HF | C11: 11.763062
A12: AF | B12: HYP | C12: 1.9752253
A13: AF | B13: LD | C13: 3.8638523
... A211: RA | B211: STIA | C211: 1.5190495
