Workbook

Sheet INPUT | WORKFORCE
B2: Role Category | C2: Role Description | D2: Group | E2: FTE
B3: GP and PCN | C3: Digital and Transformation Lead | D3: NA | E3: 11
B4: GP and PCN | C4: Managers | D4: NA | E4: 112
B5: GP and PCN | C5: Apprentices | D5: NA | E5: 20.4
B6: GP and PCN | C6: Digital and Transformation Lead | D6: NA | E6: 0
B7: GP and PCN | C7: Estates and Ancillary | D7: NA | E7: 5.1
B8: GP and PCN | C8: Management Partners | D8: NA | E8: 4
B9: GP and PCN | C9: Medical Secretaries | D9: NA | E9: 75.7
B10: GP and PCN | C10: Other Admin and Non-Clinical | D10: NA | E10: 293.1
B11: GP and PCN | C11: Telephonists | D11: NA | E11: 2.4
B12: GP and PCN | C12: Receptionists | D12: NA | E12: 447.5
B13: GP and PCN | C13: Non-clinical Director | D13: NA | E13: 0
B14: GP and PCN | C14: GP Partners | D14: F | E14: 175
... B118: VCSE | C118: Volunteers (Estimate) | D118: A | E118: 28738

Sheet INPUT | POPULATION
B2: Year | C2: Count of Conditions | D2: Number of Patients
B3: 2022 | C3: 0 | D3: 337472
B4: 2022 | C4: 1 | D4: 127755
B5: 2022 | C5: 2 | D5: 60837
B6: 2022 | C6: 3 | D6: 32607
B7: 2022 | C7: 4 | D7: 16736
B8: 2022 | C8: 5 | D8: 8331
B9: 2022 | C9: 6 | D9: 4219
B10: 2022 | C10: 7 | D10: 2041
B11: 2022 | C11: 8 | D11: 961
B12: 2022 | C12: 9 | D12: 404
B13: 2022 | C13: 10 | D13: 187
B14: 2022 | C14: 11 | D14: 73
... B433: 2047 | C433: 18 | D433: 1

Sheet INPUT | SEGMENTATION
B2: Period | C2: Year
B3: Baseline | C3: 2025
B4: Forecast | C4: 2047
C6: Conditions | E6: Population | G6: % of Popn
B7: Segment Description | C7: From (>=) | D7: To (<) | E7: Baseline | F7: Forecast | G7: Baseline | H7: Forecast | I7: % Growth
B8: Green | C8: 0 | D8: 1 | E8: =SUMIFS('INPUT | POPULATION'!$D:$D,'INPUT | POPULATION'!$B:$B,$C$3,'INPUT | POPULATION'!$C:$C,">="&$C8,'INPUT | POPULATION'!$C:$C,"<"&$D8) -> 341401 | F8: =SUMIFS('INPUT | POPULATION'!$D:$D,'INPUT | POPULATION'!$B:$B,$C$4,'INPUT | POPULATION'!$C:$C,">="&$C8,'INPUT | POPULATION'!$C:$C,"<"&$D8) -> 354062 | G8: =E8/E$12 -> 0.56317283 | H8: =F8/F$12 -> 0.52467154 | I8: =(F8-E8)/E8 -> 0.037085422
B9: Amber | C9: 1 | D9: 4 | E9: =SUMIFS('INPUT | POPULATION'!$D:$D,'INPUT | POPULATION'!$B:$B,$C$3,'INPUT | POPULATION'!$C:$C,">="&$C9,'INPUT | POPULATION'!$C:$C,"<"&$D9) -> 229326 | F9: =SUMIFS('INPUT | POPULATION'!$D:$D,'INPUT | POPULATION'!$B:$B,$C$4,'INPUT | POPULATION'!$C:$C,">="&$C9,'INPUT | POPULATION'!$C:$C,"<"&$D9) -> 270690 | G9: =E9/E$12 -> 0.37829465 | H9: =F9/F$12 -> 0.40112562 | I9: =(F9-E9)/E9 -> 0.18037205
B10: Blue | C10: 4 | D10: 7 | E10: =SUMIFS('INPUT | POPULATION'!$D:$D,'INPUT | POPULATION'!$B:$B,$C$3,'INPUT | POPULATION'!$C:$C,">="&$C10,'INPUT | POPULATION'!$C:$C,"<"&$D10) -> 31459 | F10: =SUMIFS('INPUT | POPULATION'!$D:$D,'INPUT | POPULATION'!$B:$B,$C$4,'INPUT | POPULATION'!$C:$C,">="&$C10,'INPUT | POPULATION'!$C:$C,"<"&$D10) -> 43645 | G10: =E10/E$12 -> 0.051894558 | H10: =F10/F$12 -> 0.064675931 | I10: =(F10-E10)/E10 -> 0.38736133
B11: Red | C11: 7 | D11: 18 | E11: =SUMIFS('INPUT | POPULATION'!$D:$D,'INPUT | POPULATION'!$B:$B,$C$3,'INPUT | POPULATION'!$C:$C,">="&$C11,'INPUT | POPULATION'!$C:$C,"<"&$D11) -> 4024 | F11: =SUMIFS('INPUT | POPULATION'!$D:$D,'INPUT | POPULATION'!$B:$B,$C$4,'INPUT | POPULATION'!$C:$C,">="&$C11,'INPUT | POPULATION'!$C:$C,"<"&$D11) -> 6429 | G11: =E11/E$12 -> 0.0066379637 | H11: =F11/F$12 -> 0.0095269003 | I11: =(F11-E11)/E11 -> 0.59766402
E12: =SUM(E8:E11) -> 606210 | F12: =SUM(F8:F11) -> 674826 | I12: =(F12-E12)/E12 -> 0.1131885

Sheet CALC | TASK STD
B2: Original Horizon 2035 Matrix | K2: Workforce Group Standardised Revised Horizon 2035 Matrix
C4: Skill Level | L4: Group
B5: Task | C5: 1 | D5: 2 | E5: 3 | F5: 4 | G5: 5 | H5: 6 | I5: Overall | K5: Task | L5: A | M5: B | N5: C | O5: D | P5: E | Q5: F | R5: Overall
B6: Prevent | C6: 0.1745 | D6: 0.0402 | E6: 0.019 | F6: 0.0048 | G6: 0.002 | H6: 0.0007 | I6: 0.2412 | K6: Prevention, Enablement and Rehabilitation | L6: =C20/C$24 -> 0.49821337 | M6: =D20/D$24 -> 0.38022814 | N6: =E20/E$24 -> 0.33148019 | O6: =F20/F$24 -> 0.3368984 | P6: =G20/G$24 -> 0.2327044 | Q6: =H20/H$24 -> 0.27083333 | R6: =I20/I$24 -> 0.43805619
B7: Enable | C7: 0.0881 | D7: 0.0267 | E7: 0.0179 | F7: 0.0041 | G7: 0.0011 | H7: 0.0003 | I7: 0.1382 | K7: Assessment and Planning | L7: =C21/C$24 -> 0.19908116 | M7: =D21/D$24 -> 0.24429658 | N7: =E21/E$24 -> 0.3161918 | O7: =F21/F$24 -> 0.27807487 | P7: =G21/G$24 -> 0.36477987 | Q7: =H21/H$24 -> 0.375 | R7: =I21/I$24 -> 0.23187681
B8: Assess | C8: 0.0587 | D8: 0.0338 | E8: 0.0258 | F8: 0.0061 | G8: 0.004 | H8: 0.0011 | I8: 0.1295 | K8: Treatment and Relieving | L8: =C22/C$24 -> 0.24842607 | M8: =D22/D$24 -> 0.22338403 | N8: =E22/E$24 -> 0.17164698 | O8: =F22/F$24 -> 0.15240642 | P8: =G22/G$24 -> 0.19496855 | Q8: =H22/H$24 -> 0.1875 | R8: =I22/I$24 -> 0.22737726
B9: Plan | C9: 0.0583 | D9: 0.0176 | E9: 0.0197 | F9: 0.0043 | G9: 0.0018 | H9: 0.0007 | I9: 0.1024 | K9: Linking | L9: =C23/C$24 -> 0.054279394 | M9: =D23/D$24 -> 0.15209125 | N9: =E23/E$24 -> 0.18068103 | O9: =F23/F$24 -> 0.23262032 | P9: =G23/G$24 -> 0.20754717 | Q9: =H23/H$24 -> 0.16666667 | R9: =I23/I$24 -> 0.10268973
B10: Treat | C10: 0 | D10: 0.0059 | E10: 0.0071 | F10: 0.003 | G10: 0.0019 | H10: 0.0006 | I10: 0.0185 | K10: Overall | L10: =SUM(L6:L9) -> 1 | M10: =SUM(M6:M9) -> 1 | N10: =SUM(N6:N9) -> 1 | O10: =SUM(O6:O9) -> 1 | P10: =SUM(P6:P9) -> 1 | Q10: =SUM(Q6:Q9) -> 1 | R10: =SUM(R6:R9) -> 1
B11: Rehabilitate | C11: 0.0302 | D11: 0.0131 | E11: 0.0108 | F11: 0.0037 | G11: 0.0006 | H11: 0.0003 | I11: 0.0587
B12: Relieve | C12: 0.146 | D12: 0.0411 | E12: 0.0176 | F12: 0.0027 | G12: 0.0012 | H12: 0.0003 | I12: 0.2089
B13: Link | C13: 0.0319 | D13: 0.032 | E13: 0.026 | F13: 0.0087 | G13: 0.0033 | H13: 0.0008 | I13: 0.1027
B14: Overall | C14: 0.5877 | D14: 0.2104 | E14: 0.1439 | F14: 0.0374 | G14: 0.0159 | H14: 0.0048 | I14: 1.0001
B16: Revised Horizon 2035 Matrix
C18: Skill Level
B19: Task | C19: 1 | D19: 2 | E19: 3 | F19: 4 | G19: 5 | H19: 6 | I19: Overall
B20: Prevention, Enablement and Rehabilitation | C20: =C6+C7+C11 -> 0.2928 | D20: =D6+D7+D11 -> 0.08 | E20: =E6+E7+E11 -> 0.0477 | F20: =F6+F7+F11 -> 0.0126 | G20: =G6+G7+G11 -> 0.0037 | H20: =H6+H7+H11 -> 0.0013 | I20: =SUM(C20:H20) -> 0.4381
B21: Assessment and Planning | C21: =C8+C9 -> 0.117 | D21: =D8+D9 -> 0.0514 | E21: =E8+E9 -> 0.0455 | F21: =F8+F9 -> 0.0104 | G21: =G8+G9 -> 0.0058 | H21: =H8+H9 -> 0.0018 | I21: =SUM(C21:H21) -> 0.2319
B22: Treatment and Relieving | C22: =C10+C12 -> 0.146 | D22: =D10+D12 -> 0.047 | E22: =E10+E12 -> 0.0247 | F22: =F10+F12 -> 0.0057 | G22: =G10+G12 -> 0.0031 | H22: =H10+H12 -> 0.0009 | I22: =SUM(C22:H22) -> 0.2274
B23: Linking | C23: =C13 -> 0.0319 | D23: =D13 -> 0.032 | E23: =E13 -> 0.026 | F23: =F13 -> 0.0087 | G23: =G13 -> 0.0033 | H23: =H13 -> 0.0008 | I23: =SUM(C23:H23) -> 0.1027
B24: Overall | C24: =SUM(C20:C23) -> 0.5877 | D24: =SUM(D20:D23) -> 0.2104 | E24: =SUM(E20:E23) -> 0.1439 | F24: =SUM(F20:F23) -> 0.0374 | G24: =SUM(G20:G23) -> 0.0159 | H24: =SUM(H20:H23) -> 0.0048 | I24: =SUM(I20:I23) -> 1.0001

Sheet INPUT | BLINE | TASKS
B2: Green Segment | K2: Amber Segment | T2: Workforce Group Standardised - Revised Horizon 2035 Matrix
C4: Workforce Group | L4: Workforce Group | U4: Skill Level
B5: Task | C5: A | D5: B | E5: C | F5: D | G5: E | H5: F | I5: Overall | K5: Task | L5: A | M5: B | N5: C | O5: D | P5: E | Q5: F | R5: Overall | T5: Task | U5: A | V5: B | W5: C | X5: D | Y5: E | Z5: F | AA5: Overall
B6: Prevention, Enablement and Rehabilitation | C6: =U6 -> 0.49821337 | D6: =V6 -> 0.38022814 | E6: =W6 -> 0.33148019 | F6: =X6 -> 0.3368984 | G6: =Y6 -> 0.2327044 | H6: =Z6 -> 0.27083333 | I6: =AA6 -> 0.43805619 | K6: Prevention, Enablement and Rehabilitation | L6: =U6 -> 0.49821337 | M6: =V6 -> 0.38022814 | N6: =W6 -> 0.33148019 | O6: =X6 -> 0.3368984 | P6: =Y6 -> 0.2327044 | Q6: =Z6 -> 0.27083333 | R6: =AA6 -> 0.43805619 | T6: Prevention, Enablement and Rehabilitation | U6: ='CALC | TASK STD'!L6 -> 0.49821337 | V6: ='CALC | TASK STD'!M6 -> 0.38022814 | W6: ='CALC | TASK STD'!N6 -> 0.33148019 | X6: ='CALC | TASK STD'!O6 -> 0.3368984 | Y6: ='CALC | TASK STD'!P6 -> 0.2327044 | Z6: ='CALC | TASK STD'!Q6 -> 0.27083333 | AA6: ='CALC | TASK STD'!R6 -> 0.43805619
B7: Assessment and Planning | C7: =U7 -> 0.19908116 | D7: =V7 -> 0.24429658 | E7: =W7 -> 0.3161918 | F7: =X7 -> 0.27807487 | G7: =Y7 -> 0.36477987 | H7: =Z7 -> 0.375 | I7: =AA7 -> 0.23187681 | K7: Assessment and Planning | L7: =U7 -> 0.19908116 | M7: =V7 -> 0.24429658 | N7: =W7 -> 0.3161918 | O7: =X7 -> 0.27807487 | P7: =Y7 -> 0.36477987 | Q7: =Z7 -> 0.375 | R7: =AA7 -> 0.23187681 | T7: Assessment and Planning | U7: ='CALC | TASK STD'!L7 -> 0.19908116 | V7: ='CALC | TASK STD'!M7 -> 0.24429658 | W7: ='CALC | TASK STD'!N7 -> 0.3161918 | X7: ='CALC | TASK STD'!O7 -> 0.27807487 | Y7: ='CALC | TASK STD'!P7 -> 0.36477987 | Z7: ='CALC | TASK STD'!Q7 -> 0.375 | AA7: ='CALC | TASK STD'!R7 -> 0.23187681
B8: Treatment and Relieving | C8: =U8 -> 0.24842607 | D8: =V8 -> 0.22338403 | E8: =W8 -> 0.17164698 | F8: =X8 -> 0.15240642 | G8: =Y8 -> 0.19496855 | H8: =Z8 -> 0.1875 | I8: =AA8 -> 0.22737726 | K8: Treatment and Relieving | L8: =U8 -> 0.24842607 | M8: =V8 -> 0.22338403 | N8: =W8 -> 0.17164698 | O8: =X8 -> 0.15240642 | P8: =Y8 -> 0.19496855 | Q8: =Z8 -> 0.1875 | R8: =AA8 -> 0.22737726 | T8: Treatment and Relieving | U8: ='CALC | TASK STD'!L8 -> 0.24842607 | V8: ='CALC | TASK STD'!M8 -> 0.22338403 | W8: ='CALC | TASK STD'!N8 -> 0.17164698 | X8: ='CALC | TASK STD'!O8 -> 0.15240642 | Y8: ='CALC | TASK STD'!P8 -> 0.19496855 | Z8: ='CALC | TASK STD'!Q8 -> 0.1875 | AA8: ='CALC | TASK STD'!R8 -> 0.22737726
B9: Linking | C9: =U9 -> 0.054279394 | D9: =V9 -> 0.15209125 | E9: =W9 -> 0.18068103 | F9: =X9 -> 0.23262032 | G9: =Y9 -> 0.20754717 | H9: =Z9 -> 0.16666667 | I9: =AA9 -> 0.10268973 | K9: Linking | L9: =U9 -> 0.054279394 | M9: =V9 -> 0.15209125 | N9: =W9 -> 0.18068103 | O9: =X9 -> 0.23262032 | P9: =Y9 -> 0.20754717 | Q9: =Z9 -> 0.16666667 | R9: =AA9 -> 0.10268973 | T9: Linking | U9: ='CALC | TASK STD'!L9 -> 0.054279394 | V9: ='CALC | TASK STD'!M9 -> 0.15209125 | W9: ='CALC | TASK STD'!N9 -> 0.18068103 | X9: ='CALC | TASK STD'!O9 -> 0.23262032 | Y9: ='CALC | TASK STD'!P9 -> 0.20754717 | Z9: ='CALC | TASK STD'!Q9 -> 0.16666667 | AA9: ='CALC | TASK STD'!R9 -> 0.10268973
B10: Overall | C10: =SUM(C6:C9) -> 1 | D10: =SUM(D6:D9) -> 1 | E10: =SUM(E6:E9) -> 1 | F10: =SUM(F6:F9) -> 1 | G10: =SUM(G6:G9) -> 1 | H10: =SUM(H6:H9) -> 1 | I10: =SUM(I6:I9) -> 1 | K10: Overall | L10: =SUM(L6:L9) -> 1 | M10: =SUM(M6:M9) -> 1 | N10: =SUM(N6:N9) -> 1 | O10: =SUM(O6:O9) -> 1 | P10: =SUM(P6:P9) -> 1 | Q10: =SUM(Q6:Q9) -> 1 | R10: =SUM(R6:R9) -> 1 | T10: Overall | U10: =SUM(U6:U9) -> 1 | V10: =SUM(V6:V9) -> 1 | W10: =SUM(W6:W9) -> 1 | X10: =SUM(X6:X9) -> 1 | Y10: =SUM(Y6:Y9) -> 1 | Z10: =SUM(Z6:Z9) -> 1 | AA10: =SUM(AA6:AA9) -> 1
B12: Blue Segment | K12: Red Segment
C14: Workforce Group | L14: Workforce Group
B15: Task | C15: A | D15: B | E15: C | F15: D | G15: E | H15: F | I15: Overall | K15: Task | L15: A | M15: B | N15: C | O15: D | P15: E | Q15: F | R15: Overall
B16: Prevention, Enablement and Rehabilitation | C16: =U6 -> 0.49821337 | D16: =V6 -> 0.38022814 | E16: =W6 -> 0.33148019 | F16: =X6 -> 0.3368984 | G16: =Y6 -> 0.2327044 | H16: =Z6 -> 0.27083333 | I16: =AA6 -> 0.43805619 | K16: Prevention, Enablement and Rehabilitation | L16: =U6 -> 0.49821337 | M16: =V6 -> 0.38022814 | N16: =W6 -> 0.33148019 | O16: =X6 -> 0.3368984 | P16: =Y6 -> 0.2327044 | Q16: =Z6 -> 0.27083333 | R16: =AA6 -> 0.43805619
B17: Assessment and Planning | C17: =U7 -> 0.19908116 | D17: =V7 -> 0.24429658 | E17: =W7 -> 0.3161918 | F17: =X7 -> 0.27807487 | G17: =Y7 -> 0.36477987 | H17: =Z7 -> 0.375 | I17: =AA7 -> 0.23187681 | K17: Assessment and Planning | L17: =U7 -> 0.19908116 | M17: =V7 -> 0.24429658 | N17: =W7 -> 0.3161918 | O17: =X7 -> 0.27807487 | P17: =Y7 -> 0.36477987 | Q17: =Z7 -> 0.375 | R17: =AA7 -> 0.23187681
B18: Treatment and Relieving | C18: =U8 -> 0.24842607 | D18: =V8 -> 0.22338403 | E18: =W8 -> 0.17164698 | F18: =X8 -> 0.15240642 | G18: =Y8 -> 0.19496855 | H18: =Z8 -> 0.1875 | I18: =AA8 -> 0.22737726 | K18: Treatment and Relieving | L18: =U8 -> 0.24842607 | M18: =V8 -> 0.22338403 | N18: =W8 -> 0.17164698 | O18: =X8 -> 0.15240642 | P18: =Y8 -> 0.19496855 | Q18: =Z8 -> 0.1875 | R18: =AA8 -> 0.22737726
B19: Linking | C19: =U9 -> 0.054279394 | D19: =V9 -> 0.15209125 | E19: =W9 -> 0.18068103 | F19: =X9 -> 0.23262032 | G19: =Y9 -> 0.20754717 | H19: =Z9 -> 0.16666667 | I19: =AA9 -> 0.10268973 | K19: Linking | L19: =U9 -> 0.054279394 | M19: =V9 -> 0.15209125 | N19: =W9 -> 0.18068103 | O19: =X9 -> 0.23262032 | P19: =Y9 -> 0.20754717 | Q19: =Z9 -> 0.16666667 | R19: =AA9 -> 0.10268973
B20: Overall | C20: =SUM(C16:C19) -> 1 | D20: =SUM(D16:D19) -> 1 | E20: =SUM(E16:E19) -> 1 | F20: =SUM(F16:F19) -> 1 | G20: =SUM(G16:G19) -> 1 | H20: =SUM(H16:H19) -> 1 | I20: =SUM(I16:I19) -> 1 | K20: Overall | L20: =SUM(L16:L19) -> 1 | M20: =SUM(M16:M19) -> 1 | N20: =SUM(N16:N19) -> 1 | O20: =SUM(O16:O19) -> 1 | P20: =SUM(P16:P19) -> 1 | Q20: =SUM(Q16:Q19) -> 1 | R20: =SUM(R16:R19) -> 1
B24: Workforce Split by Group and Population Segment | K24: Workforce Hours per Year by Group
C26: Workforce Group | L26: Workforce Group
B27: Segment | C27: A | D27: B | E27: C | F27: D | G27: E | H27: F | K27: Segment | L27: A | M27: B | N27: C | O27: D | P27: E | Q27: F
B28: Green | C28: 0.25 | D28: 0.25 | E28: 0.25 | F28: 0.25 | G28: 0.25 | H28: 0.25 | K28: Weeks per FTE | L28: 44 | M28: 44 | N28: 44 | O28: 44 | P28: 44 | Q28: 44
B29: Amber | C29: 0.25 | D29: 0.25 | E29: 0.25 | F29: 0.25 | G29: 0.25 | H29: 0.25 | K29: Hours per Week | L29: 37.5 | M29: 37.5 | N29: 37.5 | O29: 37.5 | P29: 37.5 | Q29: 37.5
B30: Blue | C30: 0.25 | D30: 0.25 | E30: 0.25 | F30: 0.25 | G30: 0.25 | H30: 0.25 | K30: Overall | L30: =L28*L29 -> 1650 | M30: =M28*M29 -> 1650 | N30: =N28*N29 -> 1650 | O30: =O28*O29 -> 1650 | P30: =P28*P29 -> 1650 | Q30: =Q28*Q29 -> 1650
B31: Red | C31: 0.25 | D31: 0.25 | E31: 0.25 | F31: 0.25 | G31: 0.25 | H31: 0.25
B32: Overall | C32: =SUM(C28:C31) -> 1 | D32: =SUM(D28:D31) -> 1 | E32: =SUM(E28:E31) -> 1 | F32: =SUM(F28:F31) -> 1 | G32: =SUM(G28:G31) -> 1 | H32: =SUM(H28:H31) -> 1

Sheet INPUT | FCAST | TASKS
B2: Green Segment | K2: Amber Segment | T2: Workforce Group Standardised - Revised Horizon 2035 Matrix
C4: Workforce Group | L4: Workforce Group | U4: Skill Level
B5: Task | C5: A | D5: B | E5: C | F5: D | G5: E | H5: F | I5: Overall | K5: Task | L5: A | M5: B | N5: C | O5: D | P5: E | Q5: F | R5: Overall | T5: Task | U5: A | V5: B | W5: C | X5: D | Y5: E | Z5: F | AA5: Overall
B6: Prevention, Enablement and Rehabilitation | C6: =U6 -> 0.49821337 | D6: =V6 -> 0.38022814 | E6: =W6 -> 0.33148019 | F6: =X6 -> 0.3368984 | G6: =Y6 -> 0.2327044 | H6: =Z6 -> 0.27083333 | I6: =AA6 -> 0.43805619 | K6: Prevention, Enablement and Rehabilitation | L6: =U6 -> 0.49821337 | M6: =V6 -> 0.38022814 | N6: =W6 -> 0.33148019 | O6: =X6 -> 0.3368984 | P6: =Y6 -> 0.2327044 | Q6: =Z6 -> 0.27083333 | R6: =AA6 -> 0.43805619 | T6: Prevention, Enablement and Rehabilitation | U6: ='CALC | TASK STD'!L6 -> 0.49821337 | V6: ='CALC | TASK STD'!M6 -> 0.38022814 | W6: ='CALC | TASK STD'!N6 -> 0.33148019 | X6: ='CALC | TASK STD'!O6 -> 0.3368984 | Y6: ='CALC | TASK STD'!P6 -> 0.2327044 | Z6: ='CALC | TASK STD'!Q6 -> 0.27083333 | AA6: ='CALC | TASK STD'!R6 -> 0.43805619
B7: Assessment and Planning | C7: =U7 -> 0.19908116 | D7: =V7 -> 0.24429658 | E7: =W7 -> 0.3161918 | F7: =X7 -> 0.27807487 | G7: =Y7 -> 0.36477987 | H7: =Z7 -> 0.375 | I7: =AA7 -> 0.23187681 | K7: Assessment and Planning | L7: =U7 -> 0.19908116 | M7: =V7 -> 0.24429658 | N7: =W7 -> 0.3161918 | O7: =X7 -> 0.27807487 | P7: =Y7 -> 0.36477987 | Q7: =Z7 -> 0.375 | R7: =AA7 -> 0.23187681 | T7: Assessment and Planning | U7: ='CALC | TASK STD'!L7 -> 0.19908116 | V7: ='CALC | TASK STD'!M7 -> 0.24429658 | W7: ='CALC | TASK STD'!N7 -> 0.3161918 | X7: ='CALC | TASK STD'!O7 -> 0.27807487 | Y7: ='CALC | TASK STD'!P7 -> 0.36477987 | Z7: ='CALC | TASK STD'!Q7 -> 0.375 | AA7: ='CALC | TASK STD'!R7 -> 0.23187681
B8: Treatment and Relieving | C8: =U8 -> 0.24842607 | D8: =V8 -> 0.22338403 | E8: =W8 -> 0.17164698 | F8: =X8 -> 0.15240642 | G8: =Y8 -> 0.19496855 | H8: =Z8 -> 0.1875 | I8: =AA8 -> 0.22737726 | K8: Treatment and Relieving | L8: =U8 -> 0.24842607 | M8: =V8 -> 0.22338403 | N8: =W8 -> 0.17164698 | O8: =X8 -> 0.15240642 | P8: =Y8 -> 0.19496855 | Q8: =Z8 -> 0.1875 | R8: =AA8 -> 0.22737726 | T8: Treatment and Relieving | U8: ='CALC | TASK STD'!L8 -> 0.24842607 | V8: ='CALC | TASK STD'!M8 -> 0.22338403 | W8: ='CALC | TASK STD'!N8 -> 0.17164698 | X8: ='CALC | TASK STD'!O8 -> 0.15240642 | Y8: ='CALC | TASK STD'!P8 -> 0.19496855 | Z8: ='CALC | TASK STD'!Q8 -> 0.1875 | AA8: ='CALC | TASK STD'!R8 -> 0.22737726
B9: Linking | C9: =U9 -> 0.054279394 | D9: =V9 -> 0.15209125 | E9: =W9 -> 0.18068103 | F9: =X9 -> 0.23262032 | G9: =Y9 -> 0.20754717 | H9: =Z9 -> 0.16666667 | I9: =AA9 -> 0.10268973 | K9: Linking | L9: =U9 -> 0.054279394 | M9: =V9 -> 0.15209125 | N9: =W9 -> 0.18068103 | O9: =X9 -> 0.23262032 | P9: =Y9 -> 0.20754717 | Q9: =Z9 -> 0.16666667 | R9: =AA9 -> 0.10268973 | T9: Linking | U9: ='CALC | TASK STD'!L9 -> 0.054279394 | V9: ='CALC | TASK STD'!M9 -> 0.15209125 | W9: ='CALC | TASK STD'!N9 -> 0.18068103 | X9: ='CALC | TASK STD'!O9 -> 0.23262032 | Y9: ='CALC | TASK STD'!P9 -> 0.20754717 | Z9: ='CALC | TASK STD'!Q9 -> 0.16666667 | AA9: ='CALC | TASK STD'!R9 -> 0.10268973
B10: Overall | C10: =SUM(C6:C9) -> 1 | D10: =SUM(D6:D9) -> 1 | E10: =SUM(E6:E9) -> 1 | F10: =SUM(F6:F9) -> 1 | G10: =SUM(G6:G9) -> 1 | H10: =SUM(H6:H9) -> 1 | I10: =SUM(I6:I9) -> 1 | K10: Overall | L10: =SUM(L6:L9) -> 1 | M10: =SUM(M6:M9) -> 1 | N10: =SUM(N6:N9) -> 1 | O10: =SUM(O6:O9) -> 1 | P10: =SUM(P6:P9) -> 1 | Q10: =SUM(Q6:Q9) -> 1 | R10: =SUM(R6:R9) -> 1 | T10: Overall | U10: =SUM(U6:U9) -> 1 | V10: =SUM(V6:V9) -> 1 | W10: =SUM(W6:W9) -> 1 | X10: =SUM(X6:X9) -> 1 | Y10: =SUM(Y6:Y9) -> 1 | Z10: =SUM(Z6:Z9) -> 1 | AA10: =SUM(AA6:AA9) -> 1
B12: Blue Segment | K12: Red Segment
C14: Workforce Group | L14: Workforce Group
B15: Task | C15: A | D15: B | E15: C | F15: D | G15: E | H15: F | I15: Overall | K15: Task | L15: A | M15: B | N15: C | O15: D | P15: E | Q15: F | R15: Overall
B16: Prevention, Enablement and Rehabilitation | C16: =U6 -> 0.49821337 | D16: =V6 -> 0.38022814 | E16: =W6 -> 0.33148019 | F16: =X6 -> 0.3368984 | G16: =Y6 -> 0.2327044 | H16: =Z6 -> 0.27083333 | I16: =AA6 -> 0.43805619 | K16: Prevention, Enablement and Rehabilitation | L16: =U6 -> 0.49821337 | M16: =V6 -> 0.38022814 | N16: =W6 -> 0.33148019 | O16: =X6 -> 0.3368984 | P16: =Y6 -> 0.2327044 | Q16: =Z6 -> 0.27083333 | R16: =AA6 -> 0.43805619
B17: Assessment and Planning | C17: =U7 -> 0.19908116 | D17: =V7 -> 0.24429658 | E17: =W7 -> 0.3161918 | F17: =X7 -> 0.27807487 | G17: =Y7 -> 0.36477987 | H17: =Z7 -> 0.375 | I17: =AA7 -> 0.23187681 | K17: Assessment and Planning | L17: =U7 -> 0.19908116 | M17: =V7 -> 0.24429658 | N17: =W7 -> 0.3161918 | O17: =X7 -> 0.27807487 | P17: =Y7 -> 0.36477987 | Q17: =Z7 -> 0.375 | R17: =AA7 -> 0.23187681
B18: Treatment and Relieving | C18: =U8 -> 0.24842607 | D18: =V8 -> 0.22338403 | E18: =W8 -> 0.17164698 | F18: =X8 -> 0.15240642 | G18: =Y8 -> 0.19496855 | H18: =Z8 -> 0.1875 | I18: =AA8 -> 0.22737726 | K18: Treatment and Relieving | L18: =U8 -> 0.24842607 | M18: =V8 -> 0.22338403 | N18: =W8 -> 0.17164698 | O18: =X8 -> 0.15240642 | P18: =Y8 -> 0.19496855 | Q18: =Z8 -> 0.1875 | R18: =AA8 -> 0.22737726
B19: Linking | C19: =U9 -> 0.054279394 | D19: =V9 -> 0.15209125 | E19: =W9 -> 0.18068103 | F19: =X9 -> 0.23262032 | G19: =Y9 -> 0.20754717 | H19: =Z9 -> 0.16666667 | I19: =AA9 -> 0.10268973 | K19: Linking | L19: =U9 -> 0.054279394 | M19: =V9 -> 0.15209125 | N19: =W9 -> 0.18068103 | O19: =X9 -> 0.23262032 | P19: =Y9 -> 0.20754717 | Q19: =Z9 -> 0.16666667 | R19: =AA9 -> 0.10268973
B20: Overall | C20: =SUM(C16:C19) -> 1 | D20: =SUM(D16:D19) -> 1 | E20: =SUM(E16:E19) -> 1 | F20: =SUM(F16:F19) -> 1 | G20: =SUM(G16:G19) -> 1 | H20: =SUM(H16:H19) -> 1 | I20: =SUM(I16:I19) -> 1 | K20: Overall | L20: =SUM(L16:L19) -> 1 | M20: =SUM(M16:M19) -> 1 | N20: =SUM(N16:N19) -> 1 | O20: =SUM(O16:O19) -> 1 | P20: =SUM(P16:P19) -> 1 | Q20: =SUM(Q16:Q19) -> 1 | R20: =SUM(R16:R19) -> 1
B24: Workforce Split by Group and Population Segment | K24: Workforce Hours per Year by Group
C26: Workforce Group | L26: Workforce Group
B27: Segment | C27: A | D27: B | E27: C | F27: D | G27: E | H27: F | K27: Segment | L27: A | M27: B | N27: C | O27: D | P27: E | Q27: F
B28: Green | C28: 0.25 | D28: 0.25 | E28: 0.25 | F28: 0.25 | G28: 0.25 | H28: 0.25 | K28: Weeks per FTE | L28: 44 | M28: 44 | N28: 44 | O28: 44 | P28: 44 | Q28: 44
B29: Amber | C29: 0.25 | D29: 0.25 | E29: 0.25 | F29: 0.25 | G29: 0.25 | H29: 0.25 | K29: Hours per Week | L29: 37.5 | M29: 37.5 | N29: 37.5 | O29: 37.5 | P29: 37.5 | Q29: 37.5
B30: Blue | C30: 0.25 | D30: 0.25 | E30: 0.25 | F30: 0.25 | G30: 0.25 | H30: 0.25 | K30: Overall | L30: =L28*L29 -> 1650 | M30: =M28*M29 -> 1650 | N30: =N28*N29 -> 1650 | O30: =O28*O29 -> 1650 | P30: =P28*P29 -> 1650 | Q30: =Q28*Q29 -> 1650
B31: Red | C31: 0.25 | D31: 0.25 | E31: 0.25 | F31: 0.25 | G31: 0.25 | H31: 0.25
B32: Overall | C32: =SUM(C28:C31) -> 1 | D32: =SUM(D28:D31) -> 1 | E32: =SUM(E28:E31) -> 1 | F32: =SUM(F28:F31) -> 1 | G32: =SUM(G28:G31) -> 1 | H32: =SUM(H28:H31) -> 1

Sheet CALC | BLINE | HOURS
B2: Green Segment | K2: Amber Segment | T2: Workforce Group Standardised - Revised Horizon 2035 Matrix
C4: Workforce Group | L4: Workforce Group | U4: Skill Level
B5: Task | C5: A | D5: B | E5: C | F5: D | G5: E | H5: F | I5: Overall | K5: Task | L5: A | M5: B | N5: C | O5: D | P5: E | Q5: F | R5: Overall | T5: Task | U5: A | V5: B | W5: C | X5: D | Y5: E | Z5: F | AA5: Overall
B6: Prevention, Enablement and Rehabilitation | C6: =C$10*'INPUT | BLINE | TASKS'!C6 -> 5906033.1 | D6: =D$10*'INPUT | BLINE | TASKS'!D6 -> 1904732.9 | E6: =E$10*'INPUT | BLINE | TASKS'!E6 -> 586372.01 | F6: =F$10*'INPUT | BLINE | TASKS'!F6 -> 232316.46 | G6: =G$10*'INPUT | BLINE | TASKS'!G6 -> 95229.508 | H6: =H$10*'INPUT | BLINE | TASKS'!H6 -> 116191.83 | I6: =SUM(C6:H6) -> 8840875.8 | K6: Prevention, Enablement and Rehabilitation | L6: =L$10*'INPUT | BLINE | TASKS'!L6 -> 5906033.1 | M6: =M$10*'INPUT | BLINE | TASKS'!M6 -> 1904732.9 | N6: =N$10*'INPUT | BLINE | TASKS'!N6 -> 586372.01 | O6: =O$10*'INPUT | BLINE | TASKS'!O6 -> 232316.46 | P6: =P$10*'INPUT | BLINE | TASKS'!P6 -> 95229.508 | Q6: =Q$10*'INPUT | BLINE | TASKS'!Q6 -> 116191.83 | R6: =SUM(L6:Q6) -> 8840875.8 | T6: Prevention, Enablement and Rehabilitation | U6: =C6+L6+C16+L16 -> 23624132 | V6: =D6+M6+D16+M16 -> 7618931.8 | W6: =E6+N6+E16+N16 -> 2345488 | X6: =F6+O6+F16+O16 -> 929265.83 | Y6: =G6+P6+G16+P16 -> 380918.03 | Z6: =H6+Q6+H16+Q16 -> 464767.3 | AA6: =I6+R6+I16+R16 -> 35363503
B7: Assessment and Planning | C7: =C$10*'INPUT | BLINE | TASKS'!C7 -> 2359992.7 | D7: =D$10*'INPUT | BLINE | TASKS'!D7 -> 1223790.9 | E7: =E$10*'INPUT | BLINE | TASKS'!E7 -> 559327.59 | F7: =F$10*'INPUT | BLINE | TASKS'!F7 -> 191753.27 | G7: =G$10*'INPUT | BLINE | TASKS'!G7 -> 149278.69 | H7: =H$10*'INPUT | BLINE | TASKS'!H7 -> 160880.99 | I7: =SUM(C7:H7) -> 4645024.2 | K7: Assessment and Planning | L7: =L$10*'INPUT | BLINE | TASKS'!L7 -> 2359992.7 | M7: =M$10*'INPUT | BLINE | TASKS'!M7 -> 1223790.9 | N7: =N$10*'INPUT | BLINE | TASKS'!N7 -> 559327.59 | O7: =O$10*'INPUT | BLINE | TASKS'!O7 -> 191753.27 | P7: =P$10*'INPUT | BLINE | TASKS'!P7 -> 149278.69 | Q7: =Q$10*'INPUT | BLINE | TASKS'!Q7 -> 160880.99 | R7: =SUM(L7:Q7) -> 4645024.2 | T7: Assessment and Planning | U7: =C7+L7+C17+L17 -> 9439970.9 | V7: =D7+M7+D17+M17 -> 4895163.7 | W7: =E7+N7+E17+N17 -> 2237310.4 | X7: =F7+O7+F17+O17 -> 767013.07 | Y7: =G7+P7+G17+P17 -> 597114.75 | Z7: =H7+Q7+H17+Q17 -> 643523.96 | AA7: =I7+R7+I17+R17 -> 18580097
B8: Treatment and Relieving | C8: =C$10*'INPUT | BLINE | TASKS'!C8 -> 2944948.2 | D8: =D$10*'INPUT | BLINE | TASKS'!D8 -> 1119030.6 | E8: =E$10*'INPUT | BLINE | TASKS'!E8 -> 303634.98 | F8: =F$10*'INPUT | BLINE | TASKS'!F8 -> 105095.54 | G8: =G$10*'INPUT | BLINE | TASKS'!G8 -> 79786.885 | H8: =H$10*'INPUT | BLINE | TASKS'!H8 -> 80440.494 | I8: =SUM(C8:H8) -> 4632936.7 | K8: Treatment and Relieving | L8: =L$10*'INPUT | BLINE | TASKS'!L8 -> 2944948.2 | M8: =M$10*'INPUT | BLINE | TASKS'!M8 -> 1119030.6 | N8: =N$10*'INPUT | BLINE | TASKS'!N8 -> 303634.98 | O8: =O$10*'INPUT | BLINE | TASKS'!O8 -> 105095.54 | P8: =P$10*'INPUT | BLINE | TASKS'!P8 -> 79786.885 | Q8: =Q$10*'INPUT | BLINE | TASKS'!Q8 -> 80440.494 | R8: =SUM(L8:Q8) -> 4632936.7 | T8: Treatment and Relieving | U8: =C8+L8+C18+L18 -> 11779793 | V8: =D8+M8+D18+M18 -> 4476122.4 | W8: =E8+N8+E18+N18 -> 1214539.9 | X8: =F8+O8+F18+O18 -> 420382.16 | Y8: =G8+P8+G18+P18 -> 319147.54 | Z8: =H8+Q8+H18+Q18 -> 321761.98 | AA8: =I8+R8+I18+R18 -> 18531747
B9: Linking | C9: =C$10*'INPUT | BLINE | TASKS'!C9 -> 643451.01 | D9: =D$10*'INPUT | BLINE | TASKS'!D9 -> 761893.18 | E9: =E$10*'INPUT | BLINE | TASKS'!E9 -> 319615.77 | F9: =F$10*'INPUT | BLINE | TASKS'!F9 -> 160408.98 | G9: =G$10*'INPUT | BLINE | TASKS'!G9 -> 84934.426 | H9: =H$10*'INPUT | BLINE | TASKS'!H9 -> 71502.662 | I9: =SUM(C9:H9) -> 2041806 | K9: Linking | L9: =L$10*'INPUT | BLINE | TASKS'!L9 -> 643451.01 | M9: =M$10*'INPUT | BLINE | TASKS'!M9 -> 761893.18 | N9: =N$10*'INPUT | BLINE | TASKS'!N9 -> 319615.77 | O9: =O$10*'INPUT | BLINE | TASKS'!O9 -> 160408.98 | P9: =P$10*'INPUT | BLINE | TASKS'!P9 -> 84934.426 | Q9: =Q$10*'INPUT | BLINE | TASKS'!Q9 -> 71502.662 | R9: =SUM(L9:Q9) -> 2041806 | T9: Linking | U9: =C9+L9+C19+L19 -> 2573804 | V9: =D9+M9+D19+M19 -> 3047572.7 | W9: =E9+N9+E19+N19 -> 1278463.1 | X9: =F9+O9+F19+O19 -> 641635.93 | Y9: =G9+P9+G19+P19 -> 339737.71 | Z9: =H9+Q9+H19+Q19 -> 286010.65 | AA9: =I9+R9+I19+R19 -> 8167224.1
B10: Overall | C10: =C$28 -> 11854425 | D10: =D$28 -> 5009447.7 | E10: =E$28 -> 1768950.3 | F10: =F$28 -> 689574.25 | G10: =G$28 -> 409229.51 | H10: =H$28 -> 429015.97 | I10: =SUM(C10:H10) -> 20160643 | K10: Overall | L10: =C$29 -> 11854425 | M10: =D$29 -> 5009447.7 | N10: =E$29 -> 1768950.3 | O10: =F$29 -> 689574.25 | P10: =G$29 -> 409229.51 | Q10: =H$29 -> 429015.97 | R10: =SUM(L10:Q10) -> 20160643 | T10: Overall | U10: =C10+L10+C20+L20 -> 47417700 | V10: =D10+M10+D20+M20 -> 20037791 | W10: =E10+N10+E20+N20 -> 7075801.4 | X10: =F10+O10+F20+O20 -> 2758297 | Y10: =G10+P10+G20+P20 -> 1636918 | Z10: =H10+Q10+H20+Q20 -> 1716063.9 | AA10: =I10+R10+I20+R20 -> 80642571
B12: Blue Segment | K12: Red Segment
C14: Workforce Group | L14: Workforce Group
B15: Task | C15: A | D15: B | E15: C | F15: D | G15: E | H15: F | I15: Overall | K15: Task | L15: A | M15: B | N15: C | O15: D | P15: E | Q15: F | R15: Overall
B16: Prevention, Enablement and Rehabilitation | C16: =C$20*'INPUT | BLINE | TASKS'!C16 -> 5906033.1 | D16: =D$20*'INPUT | BLINE | TASKS'!D16 -> 1904732.9 | E16: =E$20*'INPUT | BLINE | TASKS'!E16 -> 586372.01 | F16: =F$20*'INPUT | BLINE | TASKS'!F16 -> 232316.46 | G16: =G$20*'INPUT | BLINE | TASKS'!G16 -> 95229.508 | H16: =H$20*'INPUT | BLINE | TASKS'!H16 -> 116191.83 | I16: =SUM(C16:H16) -> 8840875.8 | K16: Prevention, Enablement and Rehabilitation | L16: =L$20*'INPUT | BLINE | TASKS'!L16 -> 5906033.1 | M16: =M$20*'INPUT | BLINE | TASKS'!M16 -> 1904732.9 | N16: =N$20*'INPUT | BLINE | TASKS'!N16 -> 586372.01 | O16: =O$20*'INPUT | BLINE | TASKS'!O16 -> 232316.46 | P16: =P$20*'INPUT | BLINE | TASKS'!P16 -> 95229.508 | Q16: =Q$20*'INPUT | BLINE | TASKS'!Q16 -> 116191.83 | R16: =SUM(L16:Q16) -> 8840875.8
B17: Assessment and Planning | C17: =C$20*'INPUT | BLINE | TASKS'!C17 -> 2359992.7 | D17: =D$20*'INPUT | BLINE | TASKS'!D17 -> 1223790.9 | E17: =E$20*'INPUT | BLINE | TASKS'!E17 -> 559327.59 | F17: =F$20*'INPUT | BLINE | TASKS'!F17 -> 191753.27 | G17: =G$20*'INPUT | BLINE | TASKS'!G17 -> 149278.69 | H17: =H$20*'INPUT | BLINE | TASKS'!H17 -> 160880.99 | I17: =SUM(C17:H17) -> 4645024.2 | K17: Assessment and Planning | L17: =L$20*'INPUT | BLINE | TASKS'!L17 -> 2359992.7 | M17: =M$20*'INPUT | BLINE | TASKS'!M17 -> 1223790.9 | N17: =N$20*'INPUT | BLINE | TASKS'!N17 -> 559327.59 | O17: =O$20*'INPUT | BLINE | TASKS'!O17 -> 191753.27 | P17: =P$20*'INPUT | BLINE | TASKS'!P17 -> 149278.69 | Q17: =Q$20*'INPUT | BLINE | TASKS'!Q17 -> 160880.99 | R17: =SUM(L17:Q17) -> 4645024.2
B18: Treatment and Relieving | C18: =C$20*'INPUT | BLINE | TASKS'!C18 -> 2944948.2 | D18: =D$20*'INPUT | BLINE | TASKS'!D18 -> 1119030.6 | E18: =E$20*'INPUT | BLINE | TASKS'!E18 -> 303634.98 | F18: =F$20*'INPUT | BLINE | TASKS'!F18 -> 105095.54 | G18: =G$20*'INPUT | BLINE | TASKS'!G18 -> 79786.885 | H18: =H$20*'INPUT | BLINE | TASKS'!H18 -> 80440.494 | I18: =SUM(C18:H18) -> 4632936.7 | K18: Treatment and Relieving | L18: =L$20*'INPUT | BLINE | TASKS'!L18 -> 2944948.2 | M18: =M$20*'INPUT | BLINE | TASKS'!M18 -> 1119030.6 | N18: =N$20*'INPUT | BLINE | TASKS'!N18 -> 303634.98 | O18: =O$20*'INPUT | BLINE | TASKS'!O18 -> 105095.54 | P18: =P$20*'INPUT | BLINE | TASKS'!P18 -> 79786.885 | Q18: =Q$20*'INPUT | BLINE | TASKS'!Q18 -> 80440.494 | R18: =SUM(L18:Q18) -> 4632936.7
B19: Linking | C19: =C$20*'INPUT | BLINE | TASKS'!C19 -> 643451.01 | D19: =D$20*'INPUT | BLINE | TASKS'!D19 -> 761893.18 | E19: =E$20*'INPUT | BLINE | TASKS'!E19 -> 319615.77 | F19: =F$20*'INPUT | BLINE | TASKS'!F19 -> 160408.98 | G19: =G$20*'INPUT | BLINE | TASKS'!G19 -> 84934.426 | H19: =H$20*'INPUT | BLINE | TASKS'!H19 -> 71502.662 | I19: =SUM(C19:H19) -> 2041806 | K19: Linking | L19: =L$20*'INPUT | BLINE | TASKS'!L19 -> 643451.01 | M19: =M$20*'INPUT | BLINE | TASKS'!M19 -> 761893.18 | N19: =N$20*'INPUT | BLINE | TASKS'!N19 -> 319615.77 | O19: =O$20*'INPUT | BLINE | TASKS'!O19 -> 160408.98 | P19: =P$20*'INPUT | BLINE | TASKS'!P19 -> 84934.426 | Q19: =Q$20*'INPUT | BLINE | TASKS'!Q19 -> 71502.662 | R19: =SUM(L19:Q19) -> 2041806
B20: Overall | C20: =C$30 -> 11854425 | D20: =D$30 -> 5009447.7 | E20: =E$30 -> 1768950.3 | F20: =F$30 -> 689574.25 | G20: =G$30 -> 409229.51 | H20: =H$30 -> 429015.97 | I20: =SUM(C20:H20) -> 20160643 | K20: Overall | L20: =C$31 -> 11854425 | M20: =D$31 -> 5009447.7 | N20: =E$31 -> 1768950.3 | O20: =F$31 -> 689574.25 | P20: =G$31 -> 409229.51 | Q20: =H$31 -> 429015.97 | R20: =SUM(L20:Q20) -> 20160643
B24: Workforce Split by Group and Population Segment | K24: Workforce Hours per Year by Group
C26: Workforce Group | L26: Workforce Group
B27: Segment | C27: A | D27: B | E27: C | F27: D | G27: E | H27: F | K27: Segment | L27: A | M27: B | N27: C | O27: D | P27: E | Q27: F | R27: Overall
B28: Green | C28: =L$32*'INPUT | BLINE | TASKS'!C28 -> 11854425 | D28: =M$32*'INPUT | BLINE | TASKS'!D28 -> 5009447.7 | E28: =N$32*'INPUT | BLINE | TASKS'!E28 -> 1768950.3 | F28: =O$32*'INPUT | BLINE | TASKS'!F28 -> 689574.25 | G28: =P$32*'INPUT | BLINE | TASKS'!G28 -> 409229.51 | H28: =Q$32*'INPUT | BLINE | TASKS'!H28 -> 429015.97 | K28: Weeks per FTE | L28: ='INPUT | BLINE | TASKS'!L28 -> 44 | M28: ='INPUT | BLINE | TASKS'!M28 -> 44 | N28: ='INPUT | BLINE | TASKS'!N28 -> 44 | O28: ='INPUT | BLINE | TASKS'!O28 -> 44 | P28: ='INPUT | BLINE | TASKS'!P28 -> 44 | Q28: ='INPUT | BLINE | TASKS'!Q28 -> 44
B29: Amber | C29: =L$32*'INPUT | BLINE | TASKS'!C29 -> 11854425 | D29: =M$32*'INPUT | BLINE | TASKS'!D29 -> 5009447.7 | E29: =N$32*'INPUT | BLINE | TASKS'!E29 -> 1768950.3 | F29: =O$32*'INPUT | BLINE | TASKS'!F29 -> 689574.25 | G29: =P$32*'INPUT | BLINE | TASKS'!G29 -> 409229.51 | H29: =Q$32*'INPUT | BLINE | TASKS'!H29 -> 429015.97 | K29: Hours per Week | L29: ='INPUT | BLINE | TASKS'!L29 -> 37.5 | M29: ='INPUT | BLINE | TASKS'!M29 -> 37.5 | N29: ='INPUT | BLINE | TASKS'!N29 -> 37.5 | O29: ='INPUT | BLINE | TASKS'!O29 -> 37.5 | P29: ='INPUT | BLINE | TASKS'!P29 -> 37.5 | Q29: ='INPUT | BLINE | TASKS'!Q29 -> 37.5
B30: Blue | C30: =L$32*'INPUT | BLINE | TASKS'!C30 -> 11854425 | D30: =M$32*'INPUT | BLINE | TASKS'!D30 -> 5009447.7 | E30: =N$32*'INPUT | BLINE | TASKS'!E30 -> 1768950.3 | F30: =O$32*'INPUT | BLINE | TASKS'!F30 -> 689574.25 | G30: =P$32*'INPUT | BLINE | TASKS'!G30 -> 409229.51 | H30: =Q$32*'INPUT | BLINE | TASKS'!H30 -> 429015.97 | K30: Hour per FTE | L30: ='INPUT | BLINE | TASKS'!L30 -> 1650 | M30: ='INPUT | BLINE | TASKS'!M30 -> 1650 | N30: ='INPUT | BLINE | TASKS'!N30 -> 1650 | O30: ='INPUT | BLINE | TASKS'!O30 -> 1650 | P30: ='INPUT | BLINE | TASKS'!P30 -> 1650 | Q30: ='INPUT | BLINE | TASKS'!Q30 -> 1650
B31: Red | C31: =L$32*'INPUT | BLINE | TASKS'!C31 -> 11854425 | D31: =M$32*'INPUT | BLINE | TASKS'!D31 -> 5009447.7 | E31: =N$32*'INPUT | BLINE | TASKS'!E31 -> 1768950.3 | F31: =O$32*'INPUT | BLINE | TASKS'!F31 -> 689574.25 | G31: =P$32*'INPUT | BLINE | TASKS'!G31 -> 409229.51 | H31: =Q$32*'INPUT | BLINE | TASKS'!H31 -> 429015.97 | K31: FTE | L31: =SUMIF('INPUT | WORKFORCE'!$D:$D,'CALC | BLINE | HOURS'!L$27,'INPUT | WORKFORCE'!$E:$E) -> 28738 | M31: =SUMIF('INPUT | WORKFORCE'!$D:$D,'CALC | BLINE | HOURS'!M$27,'INPUT | WORKFORCE'!$E:$E) -> 12144.116 | N31: =SUMIF('INPUT | WORKFORCE'!$D:$D,'CALC | BLINE | HOURS'!N$27,'INPUT | WORKFORCE'!$E:$E) -> 4288.3645 | O31: =SUMIF('INPUT | WORKFORCE'!$D:$D,'CALC | BLINE | HOURS'!O$27,'INPUT | WORKFORCE'!$E:$E) -> 1671.6951 | P31: =SUMIF('INPUT | WORKFORCE'!$D:$D,'CALC | BLINE | HOURS'!P$27,'INPUT | WORKFORCE'!$E:$E) -> 992.07154 | Q31: =SUMIF('INPUT | WORKFORCE'!$D:$D,'CALC | BLINE | HOURS'!Q$27,'INPUT | WORKFORCE'!$E:$E) -> 1040.0387 | R31: =SUM(L31:Q31) -> 48874.285
B32: Overall | C32: =SUM(C28:C31) -> 47417700 | D32: =SUM(D28:D31) -> 20037791 | E32: =SUM(E28:E31) -> 7075801.4 | F32: =SUM(F28:F31) -> 2758297 | G32: =SUM(G28:G31) -> 1636918 | H32: =SUM(H28:H31) -> 1716063.9 | K32: Overall | L32: =L30*L31 -> 47417700 | M32: =M30*M31 -> 20037791 | N32: =N30*N31 -> 7075801.4 | O32: =O30*O31 -> 2758297 | P32: =P30*P31 -> 1636918 | Q32: =Q30*Q31 -> 1716063.9 | R32: =SUM(L32:Q32) -> 80642571

Sheet CALC | FCAST | HOURS
B2: Green Segment | K2: Amber Segment | T2: Workforce Group Standardised - Revised Horizon 2035 Matrix
C4: Workforce Group | L4: Workforce Group | U4: Skill Level
B5: Task | C5: A | D5: B | E5: C | F5: D | G5: E | H5: F | I5: Overall | K5: Task | L5: A | M5: B | N5: C | O5: D | P5: E | Q5: F | R5: Overall | T5: Task | U5: A | V5: B | W5: C | X5: D | Y5: E | Z5: F | AA5: Overall
B6: Prevention, Enablement and Rehabilitation | C6: =C$10*'INPUT | FCAST | TASKS'!C6 -> 5906033.1 | D6: =D$10*'INPUT | FCAST | TASKS'!D6 -> 1904732.9 | E6: =E$10*'INPUT | FCAST | TASKS'!E6 -> 586372.01 | F6: =F$10*'INPUT | FCAST | TASKS'!F6 -> 232316.46 | G6: =G$10*'INPUT | FCAST | TASKS'!G6 -> 95229.508 | H6: =H$10*'INPUT | FCAST | TASKS'!H6 -> 116191.83 | I6: =SUM(C6:H6) -> 8840875.8 | K6: Prevention, Enablement and Rehabilitation | L6: =L$10*'INPUT | FCAST | TASKS'!L6 -> 5906033.1 | M6: =M$10*'INPUT | FCAST | TASKS'!M6 -> 1904732.9 | N6: =N$10*'INPUT | FCAST | TASKS'!N6 -> 586372.01 | O6: =O$10*'INPUT | FCAST | TASKS'!O6 -> 232316.46 | P6: =P$10*'INPUT | FCAST | TASKS'!P6 -> 95229.508 | Q6: =Q$10*'INPUT | FCAST | TASKS'!Q6 -> 116191.83 | R6: =SUM(L6:Q6) -> 8840875.8 | T6: Prevention, Enablement and Rehabilitation | U6: =C6+L6+C16+L16 -> 23624132 | V6: =D6+M6+D16+M16 -> 7618931.8 | W6: =E6+N6+E16+N16 -> 2345488 | X6: =F6+O6+F16+O16 -> 929265.83 | Y6: =G6+P6+G16+P16 -> 380918.03 | Z6: =H6+Q6+H16+Q16 -> 464767.3 | AA6: =I6+R6+I16+R16 -> 35363503
B7: Assessment and Planning | C7: =C$10*'INPUT | FCAST | TASKS'!C7 -> 2359992.7 | D7: =D$10*'INPUT | FCAST | TASKS'!D7 -> 1223790.9 | E7: =E$10*'INPUT | FCAST | TASKS'!E7 -> 559327.59 | F7: =F$10*'INPUT | FCAST | TASKS'!F7 -> 191753.27 | G7: =G$10*'INPUT | FCAST | TASKS'!G7 -> 149278.69 | H7: =H$10*'INPUT | FCAST | TASKS'!H7 -> 160880.99 | I7: =SUM(C7:H7) -> 4645024.2 | K7: Assessment and Planning | L7: =L$10*'INPUT | FCAST | TASKS'!L7 -> 2359992.7 | M7: =M$10*'INPUT | FCAST | TASKS'!M7 -> 1223790.9 | N7: =N$10*'INPUT | FCAST | TASKS'!N7 -> 559327.59 | O7: =O$10*'INPUT | FCAST | TASKS'!O7 -> 191753.27 | P7: =P$10*'INPUT | FCAST | TASKS'!P7 -> 149278.69 | Q7: =Q$10*'INPUT | FCAST | TASKS'!Q7 -> 160880.99 | R7: =SUM(L7:Q7) -> 4645024.2 | T7: Assessment and Planning | U7: =C7+L7+C17+L17 -> 9439970.9 | V7: =D7+M7+D17+M17 -> 4895163.7 | W7: =E7+N7+E17+N17 -> 2237310.4 | X7: =F7+O7+F17+O17 -> 767013.07 | Y7: =G7+P7+G17+P17 -> 597114.75 | Z7: =H7+Q7+H17+Q17 -> 643523.96 | AA7: =I7+R7+I17+R17 -> 18580097
B8: Treatment and Relieving | C8: =C$10*'INPUT | FCAST | TASKS'!C8 -> 2944948.2 | D8: =D$10*'INPUT | FCAST | TASKS'!D8 -> 1119030.6 | E8: =E$10*'INPUT | FCAST | TASKS'!E8 -> 303634.98 | F8: =F$10*'INPUT | FCAST | TASKS'!F8 -> 105095.54 | G8: =G$10*'INPUT | FCAST | TASKS'!G8 -> 79786.885 | H8: =H$10*'INPUT | FCAST | TASKS'!H8 -> 80440.494 | I8: =SUM(C8:H8) -> 4632936.7 | K8: Treatment and Relieving | L8: =L$10*'INPUT | FCAST | TASKS'!L8 -> 2944948.2 | M8: =M$10*'INPUT | FCAST | TASKS'!M8 -> 1119030.6 | N8: =N$10*'INPUT | FCAST | TASKS'!N8 -> 303634.98 | O8: =O$10*'INPUT | FCAST | TASKS'!O8 -> 105095.54 | P8: =P$10*'INPUT | FCAST | TASKS'!P8 -> 79786.885 | Q8: =Q$10*'INPUT | FCAST | TASKS'!Q8 -> 80440.494 | R8: =SUM(L8:Q8) -> 4632936.7 | T8: Treatment and Relieving | U8: =C8+L8+C18+L18 -> 11779793 | V8: =D8+M8+D18+M18 -> 4476122.4 | W8: =E8+N8+E18+N18 -> 1214539.9 | X8: =F8+O8+F18+O18 -> 420382.16 | Y8: =G8+P8+G18+P18 -> 319147.54 | Z8: =H8+Q8+H18+Q18 -> 321761.98 | AA8: =I8+R8+I18+R18 -> 18531747
B9: Linking | C9: =C$10*'INPUT | FCAST | TASKS'!C9 -> 643451.01 | D9: =D$10*'INPUT | FCAST | TASKS'!D9 -> 761893.18 | E9: =E$10*'INPUT | FCAST | TASKS'!E9 -> 319615.77 | F9: =F$10*'INPUT | FCAST | TASKS'!F9 -> 160408.98 | G9: =G$10*'INPUT | FCAST | TASKS'!G9 -> 84934.426 | H9: =H$10*'INPUT | FCAST | TASKS'!H9 -> 71502.662 | I9: =SUM(C9:H9) -> 2041806 | K9: Linking | L9: =L$10*'INPUT | FCAST | TASKS'!L9 -> 643451.01 | M9: =M$10*'INPUT | FCAST | TASKS'!M9 -> 761893.18 | N9: =N$10*'INPUT | FCAST | TASKS'!N9 -> 319615.77 | O9: =O$10*'INPUT | FCAST | TASKS'!O9 -> 160408.98 | P9: =P$10*'INPUT | FCAST | TASKS'!P9 -> 84934.426 | Q9: =Q$10*'INPUT | FCAST | TASKS'!Q9 -> 71502.662 | R9: =SUM(L9:Q9) -> 2041806 | T9: Linking | U9: =C9+L9+C19+L19 -> 2573804 | V9: =D9+M9+D19+M19 -> 3047572.7 | W9: =E9+N9+E19+N19 -> 1278463.1 | X9: =F9+O9+F19+O19 -> 641635.93 | Y9: =G9+P9+G19+P19 -> 339737.71 | Z9: =H9+Q9+H19+Q19 -> 286010.65 | AA9: =I9+R9+I19+R19 -> 8167224.1
B10: Overall | C10: =C$28 -> 11854425 | D10: =D$28 -> 5009447.7 | E10: =E$28 -> 1768950.3 | F10: =F$28 -> 689574.25 | G10: =G$28 -> 409229.51 | H10: =H$28 -> 429015.97 | I10: =SUM(C10:H10) -> 20160643 | K10: Overall | L10: =C$29 -> 11854425 | M10: =D$29 -> 5009447.7 | N10: =E$29 -> 1768950.3 | O10: =F$29 -> 689574.25 | P10: =G$29 -> 409229.51 | Q10: =H$29 -> 429015.97 | R10: =SUM(L10:Q10) -> 20160643 | T10: Overall | U10: =C10+L10+C20+L20 -> 47417700 | V10: =D10+M10+D20+M20 -> 20037791 | W10: =E10+N10+E20+N20 -> 7075801.4 | X10: =F10+O10+F20+O20 -> 2758297 | Y10: =G10+P10+G20+P20 -> 1636918 | Z10: =H10+Q10+H20+Q20 -> 1716063.9 | AA10: =I10+R10+I20+R20 -> 80642571
B12: Blue Segment | K12: Red Segment
C14: Workforce Group | L14: Workforce Group
B15: Task | C15: A | D15: B | E15: C | F15: D | G15: E | H15: F | I15: Overall | K15: Task | L15: A | M15: B | N15: C | O15: D | P15: E | Q15: F | R15: Overall
B16: Prevention, Enablement and Rehabilitation | C16: =C$20*'INPUT | FCAST | TASKS'!C16 -> 5906033.1 | D16: =D$20*'INPUT | FCAST | TASKS'!D16 -> 1904732.9 | E16: =E$20*'INPUT | FCAST | TASKS'!E16 -> 586372.01 | F16: =F$20*'INPUT | FCAST | TASKS'!F16 -> 232316.46 | G16: =G$20*'INPUT | FCAST | TASKS'!G16 -> 95229.508 | H16: =H$20*'INPUT | FCAST | TASKS'!H16 -> 116191.83 | I16: =SUM(C16:H16) -> 8840875.8 | K16: Prevention, Enablement and Rehabilitation | L16: =L$20*'INPUT | FCAST | TASKS'!L16 -> 5906033.1 | M16: =M$20*'INPUT | FCAST | TASKS'!M16 -> 1904732.9 | N16: =N$20*'INPUT | FCAST | TASKS'!N16 -> 586372.01 | O16: =O$20*'INPUT | FCAST | TASKS'!O16 -> 232316.46 | P16: =P$20*'INPUT | FCAST | TASKS'!P16 -> 95229.508 | Q16: =Q$20*'INPUT | FCAST | TASKS'!Q16 -> 116191.83 | R16: =SUM(L16:Q16) -> 8840875.8
B17: Assessment and Planning | C17: =C$20*'INPUT | FCAST | TASKS'!C17 -> 2359992.7 | D17: =D$20*'INPUT | FCAST | TASKS'!D17 -> 1223790.9 | E17: =E$20*'INPUT | FCAST | TASKS'!E17 -> 559327.59 | F17: =F$20*'INPUT | FCAST | TASKS'!F17 -> 191753.27 | G17: =G$20*'INPUT | FCAST | TASKS'!G17 -> 149278.69 | H17: =H$20*'INPUT | FCAST | TASKS'!H17 -> 160880.99 | I17: =SUM(C17:H17) -> 4645024.2 | K17: Assessment and Planning | L17: =L$20*'INPUT | FCAST | TASKS'!L17 -> 2359992.7 | M17: =M$20*'INPUT | FCAST | TASKS'!M17 -> 1223790.9 | N17: =N$20*'INPUT | FCAST | TASKS'!N17 -> 559327.59 | O17: =O$20*'INPUT | FCAST | TASKS'!O17 -> 191753.27 | P17: =P$20*'INPUT | FCAST | TASKS'!P17 -> 149278.69 | Q17: =Q$20*'INPUT | FCAST | TASKS'!Q17 -> 160880.99 | R17: =SUM(L17:Q17) -> 4645024.2
B18: Treatment and Relieving | C18: =C$20*'INPUT | FCAST | TASKS'!C18 -> 2944948.2 | D18: =D$20*'INPUT | FCAST | TASKS'!D18 -> 1119030.6 | E18: =E$20*'INPUT | FCAST | TASKS'!E18 -> 303634.98 | F18: =F$20*'INPUT | FCAST | TASKS'!F18 -> 105095.54 | G18: =G$20*'INPUT | FCAST | TASKS'!G18 -> 79786.885 | H18: =H$20*'INPUT | FCAST | TASKS'!H18 -> 80440.494 | I18: =SUM(C18:H18) -> 4632936.7 | K18: Treatment and Relieving | L18: =L$20*'INPUT | FCAST | TASKS'!L18 -> 2944948.2 | M18: =M$20*'INPUT | FCAST | TASKS'!M18 -> 1119030.6 | N18: =N$20*'INPUT | FCAST | TASKS'!N18 -> 303634.98 | O18: =O$20*'INPUT | FCAST | TASKS'!O18 -> 105095.54 | P18: =P$20*'INPUT | FCAST | TASKS'!P18 -> 79786.885 | Q18: =Q$20*'INPUT | FCAST | TASKS'!Q18 -> 80440.494 | R18: =SUM(L18:Q18) -> 4632936.7
B19: Linking | C19: =C$20*'INPUT | FCAST | TASKS'!C19 -> 643451.01 | D19: =D$20*'INPUT | FCAST | TASKS'!D19 -> 761893.18 | E19: =E$20*'INPUT | FCAST | TASKS'!E19 -> 319615.77 | F19: =F$20*'INPUT | FCAST | TASKS'!F19 -> 160408.98 | G19: =G$20*'INPUT | FCAST | TASKS'!G19 -> 84934.426 | H19: =H$20*'INPUT | FCAST | TASKS'!H19 -> 71502.662 | I19: =SUM(C19:H19) -> 2041806 | K19: Linking | L19: =L$20*'INPUT | FCAST | TASKS'!L19 -> 643451.01 | M19: =M$20*'INPUT | FCAST | TASKS'!M19 -> 761893.18 | N19: =N$20*'INPUT | FCAST | TASKS'!N19 -> 319615.77 | O19: =O$20*'INPUT | FCAST | TASKS'!O19 -> 160408.98 | P19: =P$20*'INPUT | FCAST | TASKS'!P19 -> 84934.426 | Q19: =Q$20*'INPUT | FCAST | TASKS'!Q19 -> 71502.662 | R19: =SUM(L19:Q19) -> 2041806
B20: Overall | C20: =C$30 -> 11854425 | D20: =D$30 -> 5009447.7 | E20: =E$30 -> 1768950.3 | F20: =F$30 -> 689574.25 | G20: =G$30 -> 409229.51 | H20: =H$30 -> 429015.97 | I20: =SUM(C20:H20) -> 20160643 | K20: Overall | L20: =C$31 -> 11854425 | M20: =D$31 -> 5009447.7 | N20: =E$31 -> 1768950.3 | O20: =F$31 -> 689574.25 | P20: =G$31 -> 409229.51 | Q20: =H$31 -> 429015.97 | R20: =SUM(L20:Q20) -> 20160643
B24: Workforce Split by Group and Population Segment | K24: Workforce Hours per Year by Group
C26: Workforce Group | L26: Workforce Group
B27: Segment | C27: A | D27: B | E27: C | F27: D | G27: E | H27: F | K27: Segment | L27: A | M27: B | N27: C | O27: D | P27: E | Q27: F | R27: Overall
B28: Green | C28: =L$32*'INPUT | FCAST | TASKS'!C28 -> 11854425 | D28: =M$32*'INPUT | FCAST | TASKS'!D28 -> 5009447.7 | E28: =N$32*'INPUT | FCAST | TASKS'!E28 -> 1768950.3 | F28: =O$32*'INPUT | FCAST | TASKS'!F28 -> 689574.25 | G28: =P$32*'INPUT | FCAST | TASKS'!G28 -> 409229.51 | H28: =Q$32*'INPUT | FCAST | TASKS'!H28 -> 429015.97 | K28: Weeks per FTE | L28: ='INPUT | FCAST | TASKS'!L28 -> 44 | M28: ='INPUT | FCAST | TASKS'!M28 -> 44 | N28: ='INPUT | FCAST | TASKS'!N28 -> 44 | O28: ='INPUT | FCAST | TASKS'!O28 -> 44 | P28: ='INPUT | FCAST | TASKS'!P28 -> 44 | Q28: ='INPUT | FCAST | TASKS'!Q28 -> 44
B29: Amber | C29: =L$32*'INPUT | FCAST | TASKS'!C29 -> 11854425 | D29: =M$32*'INPUT | FCAST | TASKS'!D29 -> 5009447.7 | E29: =N$32*'INPUT | FCAST | TASKS'!E29 -> 1768950.3 | F29: =O$32*'INPUT | FCAST | TASKS'!F29 -> 689574.25 | G29: =P$32*'INPUT | FCAST | TASKS'!G29 -> 409229.51 | H29: =Q$32*'INPUT | FCAST | TASKS'!H29 -> 429015.97 | K29: Hours per Week | L29: ='INPUT | FCAST | TASKS'!L29 -> 37.5 | M29: ='INPUT | FCAST | TASKS'!M29 -> 37.5 | N29: ='INPUT | FCAST | TASKS'!N29 -> 37.5 | O29: ='INPUT | FCAST | TASKS'!O29 -> 37.5 | P29: ='INPUT | FCAST | TASKS'!P29 -> 37.5 | Q29: ='INPUT | FCAST | TASKS'!Q29 -> 37.5
B30: Blue | C30: =L$32*'INPUT | FCAST | TASKS'!C30 -> 11854425 | D30: =M$32*'INPUT | FCAST | TASKS'!D30 -> 5009447.7 | E30: =N$32*'INPUT | FCAST | TASKS'!E30 -> 1768950.3 | F30: =O$32*'INPUT | FCAST | TASKS'!F30 -> 689574.25 | G30: =P$32*'INPUT | FCAST | TASKS'!G30 -> 409229.51 | H30: =Q$32*'INPUT | FCAST | TASKS'!H30 -> 429015.97 | K30: Hour per FTE | L30: =L28*L29 -> 1650 | M30: =M28*M29 -> 1650 | N30: =N28*N29 -> 1650 | O30: =O28*O29 -> 1650 | P30: =P28*P29 -> 1650 | Q30: =Q28*Q29 -> 1650
B31: Red | C31: =L$32*'INPUT | FCAST | TASKS'!C31 -> 11854425 | D31: =M$32*'INPUT | FCAST | TASKS'!D31 -> 5009447.7 | E31: =N$32*'INPUT | FCAST | TASKS'!E31 -> 1768950.3 | F31: =O$32*'INPUT | FCAST | TASKS'!F31 -> 689574.25 | G31: =P$32*'INPUT | FCAST | TASKS'!G31 -> 409229.51 | H31: =Q$32*'INPUT | FCAST | TASKS'!H31 -> 429015.97 | K31: FTE | L31: =SUMIF('INPUT | WORKFORCE'!$D:$D,'CALC | FCAST | HOURS'!L$27,'INPUT | WORKFORCE'!$E:$E) -> 28738 | M31: =SUMIF('INPUT | WORKFORCE'!$D:$D,'CALC | FCAST | HOURS'!M$27,'INPUT | WORKFORCE'!$E:$E) -> 12144.116 | N31: =SUMIF('INPUT | WORKFORCE'!$D:$D,'CALC | FCAST | HOURS'!N$27,'INPUT | WORKFORCE'!$E:$E) -> 4288.3645 | O31: =SUMIF('INPUT | WORKFORCE'!$D:$D,'CALC | FCAST | HOURS'!O$27,'INPUT | WORKFORCE'!$E:$E) -> 1671.6951 | P31: =SUMIF('INPUT | WORKFORCE'!$D:$D,'CALC | FCAST | HOURS'!P$27,'INPUT | WORKFORCE'!$E:$E) -> 992.07154 | Q31: =SUMIF('INPUT | WORKFORCE'!$D:$D,'CALC | FCAST | HOURS'!Q$27,'INPUT | WORKFORCE'!$E:$E) -> 1040.0387 | R31: =SUM(L31:Q31) -> 48874.285
B32: Overall | C32: =SUM(C28:C31) -> 47417700 | D32: =SUM(D28:D31) -> 20037791 | E32: =SUM(E28:E31) -> 7075801.4 | F32: =SUM(F28:F31) -> 2758297 | G32: =SUM(G28:G31) -> 1636918 | H32: =SUM(H28:H31) -> 1716063.9 | K32: Overall | L32: =L30*L31 -> 47417700 | M32: =M30*M31 -> 20037791 | N32: =N30*N31 -> 7075801.4 | O32: =O30*O31 -> 2758297 | P32: =P30*P31 -> 1636918 | Q32: =Q30*Q31 -> 1716063.9 | R32: =SUM(L32:Q32) -> 80642571

Sheet OUTPUT | BLINE | HR PER PT
B2: Green Segment | K2: Amber Segment
C4: Workforce Group | L4: Workforce Group
B5: Task | C5: A | D5: B | E5: C | F5: D | G5: E | H5: F | I5: Overall | K5: Task | L5: A | M5: B | N5: C | O5: D | P5: E | Q5: F | R5: Overall
B6: Prevention, Enablement and Rehabilitation | C6: ='CALC | BLINE | HOURS'!C6/'INPUT | SEGMENTATION'!$E$8 -> 17.299402 | D6: ='CALC | BLINE | HOURS'!D6/'INPUT | SEGMENTATION'!$E$8 -> 5.5791663 | E6: ='CALC | BLINE | HOURS'!E6/'INPUT | SEGMENTATION'!$E$8 -> 1.7175462 | F6: ='CALC | BLINE | HOURS'!F6/'INPUT | SEGMENTATION'!$E$8 -> 0.68047972 | G6: ='CALC | BLINE | HOURS'!G6/'INPUT | SEGMENTATION'!$E$8 -> 0.2789374 | H6: ='CALC | BLINE | HOURS'!H6/'INPUT | SEGMENTATION'!$E$8 -> 0.34033827 | I6: ='CALC | BLINE | HOURS'!I6/'INPUT | SEGMENTATION'!$E$8 -> 25.89587 | K6: Prevention, Enablement and Rehabilitation | L6: ='CALC | BLINE | HOURS'!L6/'INPUT | SEGMENTATION'!$E$9 -> 25.753875 | M6: ='CALC | BLINE | HOURS'!M6/'INPUT | SEGMENTATION'!$E$9 -> 8.3057872 | N6: ='CALC | BLINE | HOURS'!N6/'INPUT | SEGMENTATION'!$E$9 -> 2.5569364 | O6: ='CALC | BLINE | HOURS'!O6/'INPUT | SEGMENTATION'!$E$9 -> 1.0130402 | P6: ='CALC | BLINE | HOURS'!P6/'INPUT | SEGMENTATION'!$E$9 -> 0.41525823 | Q6: ='CALC | BLINE | HOURS'!Q6/'INPUT | SEGMENTATION'!$E$9 -> 0.5066666 | R6: ='CALC | BLINE | HOURS'!R6/'INPUT | SEGMENTATION'!$E$9 -> 38.551563
B7: Assessment and Planning | C7: ='CALC | BLINE | HOURS'!C7/'INPUT | SEGMENTATION'!$E$8 -> 6.9126708 | D7: ='CALC | BLINE | HOURS'!D7/'INPUT | SEGMENTATION'!$E$8 -> 3.5846143 | E7: ='CALC | BLINE | HOURS'!E7/'INPUT | SEGMENTATION'!$E$8 -> 1.6383303 | F7: ='CALC | BLINE | HOURS'!F7/'INPUT | SEGMENTATION'!$E$8 -> 0.5616658 | G7: ='CALC | BLINE | HOURS'!G7/'INPUT | SEGMENTATION'!$E$8 -> 0.43725323 | H7: ='CALC | BLINE | HOURS'!H7/'INPUT | SEGMENTATION'!$E$8 -> 0.4712376 | I7: ='CALC | BLINE | HOURS'!I7/'INPUT | SEGMENTATION'!$E$8 -> 13.605772 | K7: Assessment and Planning | L7: ='CALC | BLINE | HOURS'!L7/'INPUT | SEGMENTATION'!$E$9 -> 10.290995 | M7: ='CALC | BLINE | HOURS'!M7/'INPUT | SEGMENTATION'!$E$9 -> 5.3364683 | N7: ='CALC | BLINE | HOURS'!N7/'INPUT | SEGMENTATION'!$E$9 -> 2.4390065 | O7: ='CALC | BLINE | HOURS'!O7/'INPUT | SEGMENTATION'!$E$9 -> 0.83616017 | P7: ='CALC | BLINE | HOURS'!P7/'INPUT | SEGMENTATION'!$E$9 -> 0.65094533 | Q7: ='CALC | BLINE | HOURS'!Q7/'INPUT | SEGMENTATION'!$E$9 -> 0.70153837 | R7: ='CALC | BLINE | HOURS'!R7/'INPUT | SEGMENTATION'!$E$9 -> 20.255114
B8: Treatment and Relieving | C8: ='CALC | BLINE | HOURS'!C8/'INPUT | SEGMENTATION'!$E$8 -> 8.6260678 | D8: ='CALC | BLINE | HOURS'!D8/'INPUT | SEGMENTATION'!$E$8 -> 3.2777602 | E8: ='CALC | BLINE | HOURS'!E8/'INPUT | SEGMENTATION'!$E$8 -> 0.88937929 | F8: ='CALC | BLINE | HOURS'!F8/'INPUT | SEGMENTATION'!$E$8 -> 0.30783606 | G8: ='CALC | BLINE | HOURS'!G8/'INPUT | SEGMENTATION'!$E$8 -> 0.23370431 | H8: ='CALC | BLINE | HOURS'!H8/'INPUT | SEGMENTATION'!$E$8 -> 0.2356188 | I8: ='CALC | BLINE | HOURS'!I8/'INPUT | SEGMENTATION'!$E$8 -> 13.570367 | K8: Treatment and Relieving | L8: ='CALC | BLINE | HOURS'!L8/'INPUT | SEGMENTATION'!$E$9 -> 12.841754 | M8: ='CALC | BLINE | HOURS'!M8/'INPUT | SEGMENTATION'!$E$9 -> 4.87965 | N8: ='CALC | BLINE | HOURS'!N8/'INPUT | SEGMENTATION'!$E$9 -> 1.3240321 | O8: ='CALC | BLINE | HOURS'!O8/'INPUT | SEGMENTATION'!$E$9 -> 0.45828009 | P8: ='CALC | BLINE | HOURS'!P8/'INPUT | SEGMENTATION'!$E$9 -> 0.34791906 | Q8: ='CALC | BLINE | HOURS'!Q8/'INPUT | SEGMENTATION'!$E$9 -> 0.35076919 | R8: ='CALC | BLINE | HOURS'!R8/'INPUT | SEGMENTATION'!$E$9 -> 20.202405
B9: Linking | C9: ='CALC | BLINE | HOURS'!C9/'INPUT | SEGMENTATION'!$E$8 -> 1.8847367 | D9: ='CALC | BLINE | HOURS'!D9/'INPUT | SEGMENTATION'!$E$8 -> 2.2316665 | E9: ='CALC | BLINE | HOURS'!E9/'INPUT | SEGMENTATION'!$E$8 -> 0.93618873 | F9: ='CALC | BLINE | HOURS'!F9/'INPUT | SEGMENTATION'!$E$8 -> 0.46985505 | G9: ='CALC | BLINE | HOURS'!G9/'INPUT | SEGMENTATION'!$E$8 -> 0.24878201 | H9: ='CALC | BLINE | HOURS'!H9/'INPUT | SEGMENTATION'!$E$8 -> 0.20943893 | I9: ='CALC | BLINE | HOURS'!I9/'INPUT | SEGMENTATION'!$E$8 -> 5.980668 | K9: Linking | L9: ='CALC | BLINE | HOURS'!L9/'INPUT | SEGMENTATION'!$E$9 -> 2.8058354 | M9: ='CALC | BLINE | HOURS'!M9/'INPUT | SEGMENTATION'!$E$9 -> 3.3223149 | N9: ='CALC | BLINE | HOURS'!N9/'INPUT | SEGMENTATION'!$E$9 -> 1.393718 | O9: ='CALC | BLINE | HOURS'!O9/'INPUT | SEGMENTATION'!$E$9 -> 0.69948014 | P9: ='CALC | BLINE | HOURS'!P9/'INPUT | SEGMENTATION'!$E$9 -> 0.37036545 | Q9: ='CALC | BLINE | HOURS'!Q9/'INPUT | SEGMENTATION'!$E$9 -> 0.31179483 | R9: ='CALC | BLINE | HOURS'!R9/'INPUT | SEGMENTATION'!$E$9 -> 8.9035087
B10: Overall | C10: ='CALC | BLINE | HOURS'!C10/'INPUT | SEGMENTATION'!$E$8 -> 34.722877 | D10: ='CALC | BLINE | HOURS'!D10/'INPUT | SEGMENTATION'!$E$8 -> 14.673207 | E10: ='CALC | BLINE | HOURS'!E10/'INPUT | SEGMENTATION'!$E$8 -> 5.1814445 | F10: ='CALC | BLINE | HOURS'!F10/'INPUT | SEGMENTATION'!$E$8 -> 2.0198366 | G10: ='CALC | BLINE | HOURS'!G10/'INPUT | SEGMENTATION'!$E$8 -> 1.1986769 | H10: ='CALC | BLINE | HOURS'!H10/'INPUT | SEGMENTATION'!$E$8 -> 1.2566336 | I10: ='CALC | BLINE | HOURS'!I10/'INPUT | SEGMENTATION'!$E$8 -> 59.052676 | K10: Overall | L10: ='CALC | BLINE | HOURS'!L10/'INPUT | SEGMENTATION'!$E$9 -> 51.69246 | M10: ='CALC | BLINE | HOURS'!M10/'INPUT | SEGMENTATION'!$E$9 -> 21.84422 | N10: ='CALC | BLINE | HOURS'!N10/'INPUT | SEGMENTATION'!$E$9 -> 7.7136929 | O10: ='CALC | BLINE | HOURS'!O10/'INPUT | SEGMENTATION'!$E$9 -> 3.0069606 | P10: ='CALC | BLINE | HOURS'!P10/'INPUT | SEGMENTATION'!$E$9 -> 1.7844881 | Q10: ='CALC | BLINE | HOURS'!Q10/'INPUT | SEGMENTATION'!$E$9 -> 1.870769 | R10: ='CALC | BLINE | HOURS'!R10/'INPUT | SEGMENTATION'!$E$9 -> 87.912591
B12: Blue Segment | K12: Red Segment
C14: Workforce Group | L14: Workforce Group
B15: Task | C15: A | D15: B | E15: C | F15: D | G15: E | H15: F | I15: Overall | K15: Task | L15: A | M15: B | N15: C | O15: D | P15: E | Q15: F | R15: Overall
B16: Prevention, Enablement and Rehabilitation | C16: ='CALC | BLINE | HOURS'!C16/'INPUT | SEGMENTATION'!$E$10 -> 187.73747 | D16: ='CALC | BLINE | HOURS'!D16/'INPUT | SEGMENTATION'!$E$10 -> 60.546519 | E16: ='CALC | BLINE | HOURS'!E16/'INPUT | SEGMENTATION'!$E$10 -> 18.639245 | F16: ='CALC | BLINE | HOURS'!F16/'INPUT | SEGMENTATION'!$E$10 -> 7.3847375 | G16: ='CALC | BLINE | HOURS'!G16/'INPUT | SEGMENTATION'!$E$10 -> 3.027099 | H16: ='CALC | BLINE | HOURS'!H16/'INPUT | SEGMENTATION'!$E$10 -> 3.6934367 | I16: ='CALC | BLINE | HOURS'!I16/'INPUT | SEGMENTATION'!$E$10 -> 281.02851 | K16: Prevention, Enablement and Rehabilitation | L16: ='CALC | BLINE | HOURS'!L16/'INPUT | SEGMENTATION'!$E$11 -> 1467.7021 | M16: ='CALC | BLINE | HOURS'!M16/'INPUT | SEGMENTATION'!$E$11 -> 473.34318 | N16: ='CALC | BLINE | HOURS'!N16/'INPUT | SEGMENTATION'!$E$11 -> 145.71869 | O16: ='CALC | BLINE | HOURS'!O16/'INPUT | SEGMENTATION'!$E$11 -> 57.732718 | P16: ='CALC | BLINE | HOURS'!P16/'INPUT | SEGMENTATION'!$E$11 -> 23.665385 | Q16: ='CALC | BLINE | HOURS'!Q16/'INPUT | SEGMENTATION'!$E$11 -> 28.874708 | R16: ='CALC | BLINE | HOURS'!R16/'INPUT | SEGMENTATION'!$E$11 -> 2197.0367
B17: Assessment and Planning | C17: ='CALC | BLINE | HOURS'!C17/'INPUT | SEGMENTATION'!$E$10 -> 75.018047 | D17: ='CALC | BLINE | HOURS'!D17/'INPUT | SEGMENTATION'!$E$10 -> 38.901139 | E17: ='CALC | BLINE | HOURS'!E17/'INPUT | SEGMENTATION'!$E$10 -> 17.779573 | F17: ='CALC | BLINE | HOURS'!F17/'INPUT | SEGMENTATION'!$E$10 -> 6.0953389 | G17: ='CALC | BLINE | HOURS'!G17/'INPUT | SEGMENTATION'!$E$10 -> 4.7451823 | H17: ='CALC | BLINE | HOURS'!H17/'INPUT | SEGMENTATION'!$E$10 -> 5.1139893 | I17: ='CALC | BLINE | HOURS'!I17/'INPUT | SEGMENTATION'!$E$10 -> 147.65327 | K17: Assessment and Planning | L17: ='CALC | BLINE | HOURS'!L17/'INPUT | SEGMENTATION'!$E$11 -> 586.47931 | M17: ='CALC | BLINE | HOURS'!M17/'INPUT | SEGMENTATION'!$E$11 -> 304.12299 | N17: ='CALC | BLINE | HOURS'!N17/'INPUT | SEGMENTATION'!$E$11 -> 138.99791 | O17: ='CALC | BLINE | HOURS'!O17/'INPUT | SEGMENTATION'!$E$11 -> 47.652402 | P17: ='CALC | BLINE | HOURS'!P17/'INPUT | SEGMENTATION'!$E$11 -> 37.09709 | Q17: ='CALC | BLINE | HOURS'!Q17/'INPUT | SEGMENTATION'!$E$11 -> 39.980365 | R17: ='CALC | BLINE | HOURS'!R17/'INPUT | SEGMENTATION'!$E$11 -> 1154.3301
B18: Treatment and Relieving | C18: ='CALC | BLINE | HOURS'!C18/'INPUT | SEGMENTATION'!$E$10 -> 93.612263 | D18: ='CALC | BLINE | HOURS'!D18/'INPUT | SEGMENTATION'!$E$10 -> 35.57108 | E18: ='CALC | BLINE | HOURS'!E18/'INPUT | SEGMENTATION'!$E$10 -> 9.6517683 | F18: ='CALC | BLINE | HOURS'!F18/'INPUT | SEGMENTATION'!$E$10 -> 3.3407146 | G18: ='CALC | BLINE | HOURS'!G18/'INPUT | SEGMENTATION'!$E$10 -> 2.5362181 | H18: ='CALC | BLINE | HOURS'!H18/'INPUT | SEGMENTATION'!$E$10 -> 2.5569946 | I18: ='CALC | BLINE | HOURS'!I18/'INPUT | SEGMENTATION'!$E$10 -> 147.26904 | K18: Treatment and Relieving | L18: ='CALC | BLINE | HOURS'!L18/'INPUT | SEGMENTATION'!$E$11 -> 731.84597 | M18: ='CALC | BLINE | HOURS'!M18/'INPUT | SEGMENTATION'!$E$11 -> 278.08912 | N18: ='CALC | BLINE | HOURS'!N18/'INPUT | SEGMENTATION'!$E$11 -> 75.456009 | O18: ='CALC | BLINE | HOURS'!O18/'INPUT | SEGMENTATION'!$E$11 -> 26.117182 | P18: ='CALC | BLINE | HOURS'!P18/'INPUT | SEGMENTATION'!$E$11 -> 19.827755 | Q18: ='CALC | BLINE | HOURS'!Q18/'INPUT | SEGMENTATION'!$E$11 -> 19.990183 | R18: ='CALC | BLINE | HOURS'!R18/'INPUT | SEGMENTATION'!$E$11 -> 1151.3262
B19: Linking | C19: ='CALC | BLINE | HOURS'!C19/'INPUT | SEGMENTATION'!$E$10 -> 20.453638 | D19: ='CALC | BLINE | HOURS'!D19/'INPUT | SEGMENTATION'!$E$10 -> 24.218608 | E19: ='CALC | BLINE | HOURS'!E19/'INPUT | SEGMENTATION'!$E$10 -> 10.159756 | F19: ='CALC | BLINE | HOURS'!F19/'INPUT | SEGMENTATION'!$E$10 -> 5.0989854 | G19: ='CALC | BLINE | HOURS'!G19/'INPUT | SEGMENTATION'!$E$10 -> 2.6998451 | H19: ='CALC | BLINE | HOURS'!H19/'INPUT | SEGMENTATION'!$E$10 -> 2.2728841 | I19: ='CALC | BLINE | HOURS'!I19/'INPUT | SEGMENTATION'!$E$10 -> 64.903717 | K19: Linking | L19: ='CALC | BLINE | HOURS'!L19/'INPUT | SEGMENTATION'!$E$11 -> 159.90333 | M19: ='CALC | BLINE | HOURS'!M19/'INPUT | SEGMENTATION'!$E$11 -> 189.33727 | N19: ='CALC | BLINE | HOURS'!N19/'INPUT | SEGMENTATION'!$E$11 -> 79.427378 | O19: ='CALC | BLINE | HOURS'!O19/'INPUT | SEGMENTATION'!$E$11 -> 39.863067 | P19: ='CALC | BLINE | HOURS'!P19/'INPUT | SEGMENTATION'!$E$11 -> 21.106965 | Q19: ='CALC | BLINE | HOURS'!Q19/'INPUT | SEGMENTATION'!$E$11 -> 17.769051 | R19: ='CALC | BLINE | HOURS'!R19/'INPUT | SEGMENTATION'!$E$11 -> 507.40706
B20: Overall | C20: ='CALC | BLINE | HOURS'!C20/'INPUT | SEGMENTATION'!$E$10 -> 376.82142 | D20: ='CALC | BLINE | HOURS'!D20/'INPUT | SEGMENTATION'!$E$10 -> 159.23735 | E20: ='CALC | BLINE | HOURS'!E20/'INPUT | SEGMENTATION'!$E$10 -> 56.230343 | F20: ='CALC | BLINE | HOURS'!F20/'INPUT | SEGMENTATION'!$E$10 -> 21.919776 | G20: ='CALC | BLINE | HOURS'!G20/'INPUT | SEGMENTATION'!$E$10 -> 13.008344 | H20: ='CALC | BLINE | HOURS'!H20/'INPUT | SEGMENTATION'!$E$10 -> 13.637305 | I20: ='CALC | BLINE | HOURS'!I20/'INPUT | SEGMENTATION'!$E$10 -> 640.85453 | K20: Overall | L20: ='CALC | BLINE | HOURS'!L20/'INPUT | SEGMENTATION'!$E$11 -> 2945.9307 | M20: ='CALC | BLINE | HOURS'!M20/'INPUT | SEGMENTATION'!$E$11 -> 1244.8926 | N20: ='CALC | BLINE | HOURS'!N20/'INPUT | SEGMENTATION'!$E$11 -> 439.59999 | O20: ='CALC | BLINE | HOURS'!O20/'INPUT | SEGMENTATION'!$E$11 -> 171.36537 | P20: ='CALC | BLINE | HOURS'!P20/'INPUT | SEGMENTATION'!$E$11 -> 101.69719 | Q20: ='CALC | BLINE | HOURS'!Q20/'INPUT | SEGMENTATION'!$E$11 -> 106.61431 | R20: ='CALC | BLINE | HOURS'!R20/'INPUT | SEGMENTATION'!$E$11 -> 5010.1001

Sheet OUTPUT | FCAST | HR PER PT
B2: Green Segment | K2: Amber Segment
C4: Workforce Group | L4: Workforce Group
B5: Task | C5: A | D5: B | E5: C | F5: D | G5: E | H5: F | I5: Overall | K5: Task | L5: A | M5: B | N5: C | O5: D | P5: E | Q5: F | R5: Overall
B6: Prevention, Enablement and Rehabilitation | C6: ='CALC | FCAST | HOURS'!C6/'INPUT | SEGMENTATION'!$F$8 -> 16.680788 | D6: ='CALC | FCAST | HOURS'!D6/'INPUT | SEGMENTATION'!$F$8 -> 5.3796594 | E6: ='CALC | FCAST | HOURS'!E6/'INPUT | SEGMENTATION'!$F$8 -> 1.656128 | F6: ='CALC | FCAST | HOURS'!F6/'INPUT | SEGMENTATION'!$F$8 -> 0.65614626 | G6: ='CALC | FCAST | HOURS'!G6/'INPUT | SEGMENTATION'!$F$8 -> 0.2689628 | H6: ='CALC | FCAST | HOURS'!H6/'INPUT | SEGMENTATION'!$F$8 -> 0.32816802 | I6: ='CALC | FCAST | HOURS'!I6/'INPUT | SEGMENTATION'!$F$8 -> 24.969852 | K6: Prevention, Enablement and Rehabilitation | L6: ='CALC | FCAST | HOURS'!L6/'INPUT | SEGMENTATION'!$F$9 -> 21.818438 | M6: ='CALC | FCAST | HOURS'!M6/'INPUT | SEGMENTATION'!$F$9 -> 7.0365841 | N6: ='CALC | FCAST | HOURS'!N6/'INPUT | SEGMENTATION'!$F$9 -> 2.1662123 | O6: ='CALC | FCAST | HOURS'!O6/'INPUT | SEGMENTATION'!$F$9 -> 0.85823805 | P6: ='CALC | FCAST | HOURS'!P6/'INPUT | SEGMENTATION'!$F$9 -> 0.35180283 | Q6: ='CALC | FCAST | HOURS'!Q6/'INPUT | SEGMENTATION'!$F$9 -> 0.42924314 | R6: ='CALC | FCAST | HOURS'!R6/'INPUT | SEGMENTATION'!$F$9 -> 32.660519
B7: Assessment and Planning | C7: ='CALC | FCAST | HOURS'!C7/'INPUT | SEGMENTATION'!$F$8 -> 6.6654787 | D7: ='CALC | FCAST | HOURS'!D7/'INPUT | SEGMENTATION'!$F$8 -> 3.4564311 | E7: ='CALC | FCAST | HOURS'!E7/'INPUT | SEGMENTATION'!$F$8 -> 1.5797448 | F7: ='CALC | FCAST | HOURS'!F7/'INPUT | SEGMENTATION'!$F$8 -> 0.54158104 | G7: ='CALC | FCAST | HOURS'!G7/'INPUT | SEGMENTATION'!$F$8 -> 0.42161737 | H7: ='CALC | FCAST | HOURS'!H7/'INPUT | SEGMENTATION'!$F$8 -> 0.45438649 | I7: ='CALC | FCAST | HOURS'!I7/'INPUT | SEGMENTATION'!$F$8 -> 13.11924 | K7: Assessment and Planning | L7: ='CALC | FCAST | HOURS'!L7/'INPUT | SEGMENTATION'!$F$9 -> 8.7184334 | M7: ='CALC | FCAST | HOURS'!M7/'INPUT | SEGMENTATION'!$F$9 -> 4.5210053 | N7: ='CALC | FCAST | HOURS'!N7/'INPUT | SEGMENTATION'!$F$9 -> 2.0663031 | O7: ='CALC | FCAST | HOURS'!O7/'INPUT | SEGMENTATION'!$F$9 -> 0.70838696 | P7: ='CALC | FCAST | HOURS'!P7/'INPUT | SEGMENTATION'!$F$9 -> 0.55147471 | Q7: ='CALC | FCAST | HOURS'!Q7/'INPUT | SEGMENTATION'!$F$9 -> 0.59433665 | R7: ='CALC | FCAST | HOURS'!R7/'INPUT | SEGMENTATION'!$F$9 -> 17.15994
B8: Treatment and Relieving | C8: ='CALC | FCAST | HOURS'!C8/'INPUT | SEGMENTATION'!$F$8 -> 8.3176059 | D8: ='CALC | FCAST | HOURS'!D8/'INPUT | SEGMENTATION'!$F$8 -> 3.1605499 | E8: ='CALC | FCAST | HOURS'!E8/'INPUT | SEGMENTATION'!$F$8 -> 0.85757573 | F8: ='CALC | FCAST | HOURS'!F8/'INPUT | SEGMENTATION'!$F$8 -> 0.29682807 | G8: ='CALC | FCAST | HOURS'!G8/'INPUT | SEGMENTATION'!$F$8 -> 0.22534721 | H8: ='CALC | FCAST | HOURS'!H8/'INPUT | SEGMENTATION'!$F$8 -> 0.22719324 | I8: ='CALC | FCAST | HOURS'!I8/'INPUT | SEGMENTATION'!$F$8 -> 13.0851 | K8: Treatment and Relieving | L8: ='CALC | FCAST | HOURS'!L8/'INPUT | SEGMENTATION'!$F$9 -> 10.879413 | M8: ='CALC | FCAST | HOURS'!M8/'INPUT | SEGMENTATION'!$F$9 -> 4.1339932 | N8: ='CALC | FCAST | HOURS'!N8/'INPUT | SEGMENTATION'!$F$9 -> 1.1217074 | O8: ='CALC | FCAST | HOURS'!O8/'INPUT | SEGMENTATION'!$F$9 -> 0.38825055 | P8: ='CALC | FCAST | HOURS'!P8/'INPUT | SEGMENTATION'!$F$9 -> 0.29475372 | Q8: ='CALC | FCAST | HOURS'!Q8/'INPUT | SEGMENTATION'!$F$9 -> 0.29716833 | R8: ='CALC | FCAST | HOURS'!R8/'INPUT | SEGMENTATION'!$F$9 -> 17.115286
B9: Linking | C9: ='CALC | FCAST | HOURS'!C9/'INPUT | SEGMENTATION'!$F$8 -> 1.8173399 | D9: ='CALC | FCAST | HOURS'!D9/'INPUT | SEGMENTATION'!$F$8 -> 2.1518637 | E9: ='CALC | FCAST | HOURS'!E9/'INPUT | SEGMENTATION'!$F$8 -> 0.9027113 | F9: ='CALC | FCAST | HOURS'!F9/'INPUT | SEGMENTATION'!$F$8 -> 0.45305337 | G9: ='CALC | FCAST | HOURS'!G9/'INPUT | SEGMENTATION'!$F$8 -> 0.23988574 | H9: ='CALC | FCAST | HOURS'!H9/'INPUT | SEGMENTATION'!$F$8 -> 0.20194955 | I9: ='CALC | FCAST | HOURS'!I9/'INPUT | SEGMENTATION'!$F$8 -> 5.7668036 | K9: Linking | L9: ='CALC | FCAST | HOURS'!L9/'INPUT | SEGMENTATION'!$F$9 -> 2.3770771 | M9: ='CALC | FCAST | HOURS'!M9/'INPUT | SEGMENTATION'!$F$9 -> 2.8146336 | N9: ='CALC | FCAST | HOURS'!N9/'INPUT | SEGMENTATION'!$F$9 -> 1.1807446 | O9: ='CALC | FCAST | HOURS'!O9/'INPUT | SEGMENTATION'!$F$9 -> 0.59259294 | P9: ='CALC | FCAST | HOURS'!P9/'INPUT | SEGMENTATION'!$F$9 -> 0.31377009 | Q9: ='CALC | FCAST | HOURS'!Q9/'INPUT | SEGMENTATION'!$F$9 -> 0.26414962 | R9: ='CALC | FCAST | HOURS'!R9/'INPUT | SEGMENTATION'!$F$9 -> 7.5429681
B10: Overall | C10: ='CALC | FCAST | HOURS'!C10/'INPUT | SEGMENTATION'!$F$8 -> 33.481212 | D10: ='CALC | FCAST | HOURS'!D10/'INPUT | SEGMENTATION'!$F$8 -> 14.148504 | E10: ='CALC | FCAST | HOURS'!E10/'INPUT | SEGMENTATION'!$F$8 -> 4.9961598 | F10: ='CALC | FCAST | HOURS'!F10/'INPUT | SEGMENTATION'!$F$8 -> 1.9476087 | G10: ='CALC | FCAST | HOURS'!G10/'INPUT | SEGMENTATION'!$F$8 -> 1.1558131 | H10: ='CALC | FCAST | HOURS'!H10/'INPUT | SEGMENTATION'!$F$8 -> 1.2116973 | I10: ='CALC | FCAST | HOURS'!I10/'INPUT | SEGMENTATION'!$F$8 -> 56.940995 | K10: Overall | L10: ='CALC | FCAST | HOURS'!L10/'INPUT | SEGMENTATION'!$F$9 -> 43.793361 | M10: ='CALC | FCAST | HOURS'!M10/'INPUT | SEGMENTATION'!$F$9 -> 18.506216 | N10: ='CALC | FCAST | HOURS'!N10/'INPUT | SEGMENTATION'!$F$9 -> 6.5349675 | O10: ='CALC | FCAST | HOURS'!O10/'INPUT | SEGMENTATION'!$F$9 -> 2.5474685 | P10: ='CALC | FCAST | HOURS'!P10/'INPUT | SEGMENTATION'!$F$9 -> 1.5118014 | Q10: ='CALC | FCAST | HOURS'!Q10/'INPUT | SEGMENTATION'!$F$9 -> 1.5848977 | R10: ='CALC | FCAST | HOURS'!R10/'INPUT | SEGMENTATION'!$F$9 -> 74.478713
B12: Blue Segment | K12: Red Segment
C14: Workforce Group | L14: Workforce Group
B15: Task | C15: A | D15: B | E15: C | F15: D | G15: E | H15: F | I15: Overall | K15: Task | L15: A | M15: B | N15: C | O15: D | P15: E | Q15: F | R15: Overall
B16: Prevention, Enablement and Rehabilitation | C16: ='CALC | FCAST | HOURS'!C16/'INPUT | SEGMENTATION'!$F$10 -> 135.31981 | D16: ='CALC | FCAST | HOURS'!D16/'INPUT | SEGMENTATION'!$F$10 -> 43.641493 | E16: ='CALC | FCAST | HOURS'!E16/'INPUT | SEGMENTATION'!$F$10 -> 13.435033 | F16: ='CALC | FCAST | HOURS'!F16/'INPUT | SEGMENTATION'!$F$10 -> 5.3228653 | G16: ='CALC | FCAST | HOURS'!G16/'INPUT | SEGMENTATION'!$F$10 -> 2.1819111 | H16: ='CALC | FCAST | HOURS'!H16/'INPUT | SEGMENTATION'!$F$10 -> 2.6622024 | I16: ='CALC | FCAST | HOURS'!I16/'INPUT | SEGMENTATION'!$F$10 -> 202.56331 | K16: Prevention, Enablement and Rehabilitation | L16: ='CALC | FCAST | HOURS'!L16/'INPUT | SEGMENTATION'!$F$11 -> 918.65501 | M16: ='CALC | FCAST | HOURS'!M16/'INPUT | SEGMENTATION'!$F$11 -> 296.27204 | N16: ='CALC | FCAST | HOURS'!N16/'INPUT | SEGMENTATION'!$F$11 -> 91.207343 | O16: ='CALC | FCAST | HOURS'!O16/'INPUT | SEGMENTATION'!$F$11 -> 36.135707 | P16: ='CALC | FCAST | HOURS'!P16/'INPUT | SEGMENTATION'!$F$11 -> 14.812492 | Q16: ='CALC | FCAST | HOURS'!Q16/'INPUT | SEGMENTATION'!$F$11 -> 18.073079 | R16: ='CALC | FCAST | HOURS'!R16/'INPUT | SEGMENTATION'!$F$11 -> 1375.1557
B17: Assessment and Planning | C17: ='CALC | FCAST | HOURS'!C17/'INPUT | SEGMENTATION'!$F$10 -> 54.072465 | D17: ='CALC | FCAST | HOURS'!D17/'INPUT | SEGMENTATION'!$F$10 -> 28.039659 | E17: ='CALC | FCAST | HOURS'!E17/'INPUT | SEGMENTATION'!$F$10 -> 12.815388 | F17: ='CALC | FCAST | HOURS'!F17/'INPUT | SEGMENTATION'!$F$10 -> 4.3934761 | G17: ='CALC | FCAST | HOURS'!G17/'INPUT | SEGMENTATION'!$F$10 -> 3.420293 | H17: ='CALC | FCAST | HOURS'!H17/'INPUT | SEGMENTATION'!$F$10 -> 3.6861265 | I17: ='CALC | FCAST | HOURS'!I17/'INPUT | SEGMENTATION'!$F$10 -> 106.42741 | K17: Assessment and Planning | L17: ='CALC | FCAST | HOURS'!L17/'INPUT | SEGMENTATION'!$F$11 -> 367.08551 | M17: ='CALC | FCAST | HOURS'!M17/'INPUT | SEGMENTATION'!$F$11 -> 190.35479 | N17: ='CALC | FCAST | HOURS'!N17/'INPUT | SEGMENTATION'!$F$11 -> 87.000715 | O17: ='CALC | FCAST | HOURS'!O17/'INPUT | SEGMENTATION'!$F$11 -> 29.826297 | P17: ='CALC | FCAST | HOURS'!P17/'INPUT | SEGMENTATION'!$F$11 -> 23.219581 | Q17: ='CALC | FCAST | HOURS'!Q17/'INPUT | SEGMENTATION'!$F$11 -> 25.024263 | R17: ='CALC | FCAST | HOURS'!R17/'INPUT | SEGMENTATION'!$F$11 -> 722.51115
B18: Treatment and Relieving | C18: ='CALC | FCAST | HOURS'!C18/'INPUT | SEGMENTATION'!$F$10 -> 67.475042 | D18: ='CALC | FCAST | HOURS'!D18/'INPUT | SEGMENTATION'!$F$10 -> 25.639377 | E18: ='CALC | FCAST | HOURS'!E18/'INPUT | SEGMENTATION'!$F$10 -> 6.9569247 | F18: ='CALC | FCAST | HOURS'!F18/'INPUT | SEGMENTATION'!$F$10 -> 2.4079629 | G18: ='CALC | FCAST | HOURS'!G18/'INPUT | SEGMENTATION'!$F$10 -> 1.8280876 | H18: ='CALC | FCAST | HOURS'!H18/'INPUT | SEGMENTATION'!$F$10 -> 1.8430632 | I18: ='CALC | FCAST | HOURS'!I18/'INPUT | SEGMENTATION'!$F$10 -> 106.15046 | K18: Treatment and Relieving | L18: ='CALC | FCAST | HOURS'!L18/'INPUT | SEGMENTATION'!$F$11 -> 458.07251 | M18: ='CALC | FCAST | HOURS'!M18/'INPUT | SEGMENTATION'!$F$11 -> 174.05982 | N18: ='CALC | FCAST | HOURS'!N18/'INPUT | SEGMENTATION'!$F$11 -> 47.228959 | O18: ='CALC | FCAST | HOURS'!O18/'INPUT | SEGMENTATION'!$F$11 -> 16.347105 | P18: ='CALC | FCAST | HOURS'!P18/'INPUT | SEGMENTATION'!$F$11 -> 12.410466 | Q18: ='CALC | FCAST | HOURS'!Q18/'INPUT | SEGMENTATION'!$F$11 -> 12.512132 | R18: ='CALC | FCAST | HOURS'!R18/'INPUT | SEGMENTATION'!$F$11 -> 720.631
B19: Linking | C19: ='CALC | FCAST | HOURS'!C19/'INPUT | SEGMENTATION'!$F$10 -> 14.742834 | D19: ='CALC | FCAST | HOURS'!D19/'INPUT | SEGMENTATION'!$F$10 -> 17.456597 | E19: ='CALC | FCAST | HOURS'!E19/'INPUT | SEGMENTATION'!$F$10 -> 7.3230787 | F19: ='CALC | FCAST | HOURS'!F19/'INPUT | SEGMENTATION'!$F$10 -> 3.6753118 | G19: ='CALC | FCAST | HOURS'!G19/'INPUT | SEGMENTATION'!$F$10 -> 1.9460288 | H19: ='CALC | FCAST | HOURS'!H19/'INPUT | SEGMENTATION'!$F$10 -> 1.6382784 | I19: ='CALC | FCAST | HOURS'!I19/'INPUT | SEGMENTATION'!$F$10 -> 46.782129 | K19: Linking | L19: ='CALC | FCAST | HOURS'!L19/'INPUT | SEGMENTATION'!$F$11 -> 100.08571 | M19: ='CALC | FCAST | HOURS'!M19/'INPUT | SEGMENTATION'!$F$11 -> 118.50882 | N19: ='CALC | FCAST | HOURS'!N19/'INPUT | SEGMENTATION'!$F$11 -> 49.714694 | O19: ='CALC | FCAST | HOURS'!O19/'INPUT | SEGMENTATION'!$F$11 -> 24.950845 | P19: ='CALC | FCAST | HOURS'!P19/'INPUT | SEGMENTATION'!$F$11 -> 13.211141 | Q19: ='CALC | FCAST | HOURS'!Q19/'INPUT | SEGMENTATION'!$F$11 -> 11.121895 | R19: ='CALC | FCAST | HOURS'!R19/'INPUT | SEGMENTATION'!$F$11 -> 317.5931
B20: Overall | C20: ='CALC | FCAST | HOURS'!C20/'INPUT | SEGMENTATION'!$F$10 -> 271.61015 | D20: ='CALC | FCAST | HOURS'!D20/'INPUT | SEGMENTATION'!$F$10 -> 114.77713 | E20: ='CALC | FCAST | HOURS'!E20/'INPUT | SEGMENTATION'!$F$10 -> 40.530424 | F20: ='CALC | FCAST | HOURS'!F20/'INPUT | SEGMENTATION'!$F$10 -> 15.799616 | G20: ='CALC | FCAST | HOURS'!G20/'INPUT | SEGMENTATION'!$F$10 -> 9.3763205 | H20: ='CALC | FCAST | HOURS'!H20/'INPUT | SEGMENTATION'!$F$10 -> 9.8296705 | I20: ='CALC | FCAST | HOURS'!I20/'INPUT | SEGMENTATION'!$F$10 -> 461.92331 | K20: Overall | L20: ='CALC | FCAST | HOURS'!L20/'INPUT | SEGMENTATION'!$F$11 -> 1843.8987 | M20: ='CALC | FCAST | HOURS'!M20/'INPUT | SEGMENTATION'!$F$11 -> 779.19547 | N20: ='CALC | FCAST | HOURS'!N20/'INPUT | SEGMENTATION'!$F$11 -> 275.15171 | O20: ='CALC | FCAST | HOURS'!O20/'INPUT | SEGMENTATION'!$F$11 -> 107.25995 | P20: ='CALC | FCAST | HOURS'!P20/'INPUT | SEGMENTATION'!$F$11 -> 63.65368 | Q20: ='CALC | FCAST | HOURS'!Q20/'INPUT | SEGMENTATION'!$F$11 -> 66.731369 | R20: ='CALC | FCAST | HOURS'!R20/'INPUT | SEGMENTATION'!$F$11 -> 3135.8909

Sheet OUTPUT | DIFF | ADD HOURS
B2: Green Segment | K2: Amber Segment
C4: Workforce Group | L4: Workforce Group
B5: Task | C5: A | D5: B | E5: C | F5: D | G5: E | H5: F | I5: Overall | K5: Task | L5: A | M5: B | N5: C | O5: D | P5: E | Q5: F | R5: Overall
B6: Prevention, Enablement and Rehabilitation | C6: =('OUTPUT | BLINE | HR PER PT'!C6-'OUTPUT | FCAST | HR PER PT'!C6)*'INPUT | SEGMENTATION'!$F$8 -> 219027.73 | D6: =('OUTPUT | BLINE | HR PER PT'!D6-'OUTPUT | FCAST | HR PER PT'!D6)*'INPUT | SEGMENTATION'!$F$8 -> 70637.824 | E6: =('OUTPUT | BLINE | HR PER PT'!E6-'OUTPUT | FCAST | HR PER PT'!E6)*'INPUT | SEGMENTATION'!$F$8 -> 21745.853 | F6: =('OUTPUT | BLINE | HR PER PT'!F6-'OUTPUT | FCAST | HR PER PT'!F6)*'INPUT | SEGMENTATION'!$F$8 -> 8615.5538 | G6: =('OUTPUT | BLINE | HR PER PT'!G6-'OUTPUT | FCAST | HR PER PT'!G6)*'INPUT | SEGMENTATION'!$F$8 -> 3531.6265 | H6: =('OUTPUT | BLINE | HR PER PT'!H6-'OUTPUT | FCAST | HR PER PT'!H6)*'INPUT | SEGMENTATION'!$F$8 -> 4309.0228 | I6: =('OUTPUT | BLINE | HR PER PT'!I6-'OUTPUT | FCAST | HR PER PT'!I6)*'INPUT | SEGMENTATION'!$F$8 -> 327867.61 | K6: Prevention, Enablement and Rehabilitation | L6: =('OUTPUT | BLINE | HR PER PT'!L6-'OUTPUT | FCAST | HR PER PT'!L6)*'INPUT | SEGMENTATION'!$F$9 -> 1065283.3 | M6: =('OUTPUT | BLINE | HR PER PT'!M6-'OUTPUT | FCAST | HR PER PT'!M6)*'INPUT | SEGMENTATION'!$F$9 -> 343560.58 | N6: =('OUTPUT | BLINE | HR PER PT'!N6-'OUTPUT | FCAST | HR PER PT'!N6)*'INPUT | SEGMENTATION'!$F$9 -> 105765.12 | O6: =('OUTPUT | BLINE | HR PER PT'!O6-'OUTPUT | FCAST | HR PER PT'!O6)*'INPUT | SEGMENTATION'!$F$9 -> 41903.395 | P6: =('OUTPUT | BLINE | HR PER PT'!P6-'OUTPUT | FCAST | HR PER PT'!P6)*'INPUT | SEGMENTATION'!$F$9 -> 17176.741 | Q6: =('OUTPUT | BLINE | HR PER PT'!Q6-'OUTPUT | FCAST | HR PER PT'!Q6)*'INPUT | SEGMENTATION'!$F$9 -> 20957.757 | R6: =('OUTPUT | BLINE | HR PER PT'!R6-'OUTPUT | FCAST | HR PER PT'!R6)*'INPUT | SEGMENTATION'!$F$9 -> 1594646.9
B7: Assessment and Planning | C7: =('OUTPUT | BLINE | HR PER PT'!C7-'OUTPUT | FCAST | HR PER PT'!C7)*'INPUT | SEGMENTATION'!$F$8 -> 87521.325 | D7: =('OUTPUT | BLINE | HR PER PT'!D7-'OUTPUT | FCAST | HR PER PT'!D7)*'INPUT | SEGMENTATION'!$F$8 -> 45384.802 | E7: =('OUTPUT | BLINE | HR PER PT'!E7-'OUTPUT | FCAST | HR PER PT'!E7)*'INPUT | SEGMENTATION'!$F$8 -> 20742.9 | F7: =('OUTPUT | BLINE | HR PER PT'!F7-'OUTPUT | FCAST | HR PER PT'!F7)*'INPUT | SEGMENTATION'!$F$8 -> 7111.2507 | G7: =('OUTPUT | BLINE | HR PER PT'!G7-'OUTPUT | FCAST | HR PER PT'!G7)*'INPUT | SEGMENTATION'!$F$8 -> 5536.0631 | H7: =('OUTPUT | BLINE | HR PER PT'!H7-'OUTPUT | FCAST | HR PER PT'!H7)*'INPUT | SEGMENTATION'!$F$8 -> 5966.3393 | I7: =('OUTPUT | BLINE | HR PER PT'!I7-'OUTPUT | FCAST | HR PER PT'!I7)*'INPUT | SEGMENTATION'!$F$8 -> 172262.68 | K7: Assessment and Planning | L7: =('OUTPUT | BLINE | HR PER PT'!L7-'OUTPUT | FCAST | HR PER PT'!L7)*'INPUT | SEGMENTATION'!$F$9 -> 425676.72 | M7: =('OUTPUT | BLINE | HR PER PT'!M7-'OUTPUT | FCAST | HR PER PT'!M7)*'INPUT | SEGMENTATION'!$F$9 -> 220737.67 | N7: =('OUTPUT | BLINE | HR PER PT'!N7-'OUTPUT | FCAST | HR PER PT'!N7)*'INPUT | SEGMENTATION'!$F$9 -> 100887.06 | O7: =('OUTPUT | BLINE | HR PER PT'!O7-'OUTPUT | FCAST | HR PER PT'!O7)*'INPUT | SEGMENTATION'!$F$9 -> 34586.929 | P7: =('OUTPUT | BLINE | HR PER PT'!P7-'OUTPUT | FCAST | HR PER PT'!P7)*'INPUT | SEGMENTATION'!$F$9 -> 26925.703 | Q7: =('OUTPUT | BLINE | HR PER PT'!Q7-'OUTPUT | FCAST | HR PER PT'!Q7)*'INPUT | SEGMENTATION'!$F$9 -> 29018.433 | R7: =('OUTPUT | BLINE | HR PER PT'!R7-'OUTPUT | FCAST | HR PER PT'!R7)*'INPUT | SEGMENTATION'!$F$9 -> 837832.52
B8: Treatment and Relieving | C8: =('OUTPUT | BLINE | HR PER PT'!C8-'OUTPUT | FCAST | HR PER PT'!C8)*'INPUT | SEGMENTATION'!$F$8 -> 109214.64 | D8: =('OUTPUT | BLINE | HR PER PT'!D8-'OUTPUT | FCAST | HR PER PT'!D8)*'INPUT | SEGMENTATION'!$F$8 -> 41499.722 | E8: =('OUTPUT | BLINE | HR PER PT'!E8-'OUTPUT | FCAST | HR PER PT'!E8)*'INPUT | SEGMENTATION'!$F$8 -> 11260.431 | F8: =('OUTPUT | BLINE | HR PER PT'!F8-'OUTPUT | FCAST | HR PER PT'!F8)*'INPUT | SEGMENTATION'!$F$8 -> 3897.5124 | G8: =('OUTPUT | BLINE | HR PER PT'!G8-'OUTPUT | FCAST | HR PER PT'!G8)*'INPUT | SEGMENTATION'!$F$8 -> 2958.9303 | H8: =('OUTPUT | BLINE | HR PER PT'!H8-'OUTPUT | FCAST | HR PER PT'!H8)*'INPUT | SEGMENTATION'!$F$8 -> 2983.1696 | I8: =('OUTPUT | BLINE | HR PER PT'!I8-'OUTPUT | FCAST | HR PER PT'!I8)*'INPUT | SEGMENTATION'!$F$8 -> 171814.41 | K8: Treatment and Relieving | L8: =('OUTPUT | BLINE | HR PER PT'!L8-'OUTPUT | FCAST | HR PER PT'!L8)*'INPUT | SEGMENTATION'!$F$9 -> 531186.33 | M8: =('OUTPUT | BLINE | HR PER PT'!M8-'OUTPUT | FCAST | HR PER PT'!M8)*'INPUT | SEGMENTATION'!$F$9 -> 201841.84 | N8: =('OUTPUT | BLINE | HR PER PT'!N8-'OUTPUT | FCAST | HR PER PT'!N8)*'INPUT | SEGMENTATION'!$F$9 -> 54767.263 | O8: =('OUTPUT | BLINE | HR PER PT'!O8-'OUTPUT | FCAST | HR PER PT'!O8)*'INPUT | SEGMENTATION'!$F$9 -> 18956.298 | P8: =('OUTPUT | BLINE | HR PER PT'!P8-'OUTPUT | FCAST | HR PER PT'!P8)*'INPUT | SEGMENTATION'!$F$9 -> 14391.324 | Q8: =('OUTPUT | BLINE | HR PER PT'!Q8-'OUTPUT | FCAST | HR PER PT'!Q8)*'INPUT | SEGMENTATION'!$F$9 -> 14509.217 | R8: =('OUTPUT | BLINE | HR PER PT'!R8-'OUTPUT | FCAST | HR PER PT'!R8)*'INPUT | SEGMENTATION'!$F$9 -> 835652.27
B9: Linking | C9: =('OUTPUT | BLINE | HR PER PT'!C9-'OUTPUT | FCAST | HR PER PT'!C9)*'INPUT | SEGMENTATION'!$F$8 -> 23862.652 | D9: =('OUTPUT | BLINE | HR PER PT'!D9-'OUTPUT | FCAST | HR PER PT'!D9)*'INPUT | SEGMENTATION'!$F$8 -> 28255.13 | E9: =('OUTPUT | BLINE | HR PER PT'!E9-'OUTPUT | FCAST | HR PER PT'!E9)*'INPUT | SEGMENTATION'!$F$8 -> 11853.085 | F9: =('OUTPUT | BLINE | HR PER PT'!F9-'OUTPUT | FCAST | HR PER PT'!F9)*'INPUT | SEGMENTATION'!$F$8 -> 5948.8347 | G9: =('OUTPUT | BLINE | HR PER PT'!G9-'OUTPUT | FCAST | HR PER PT'!G9)*'INPUT | SEGMENTATION'!$F$8 -> 3149.829 | H9: =('OUTPUT | BLINE | HR PER PT'!H9-'OUTPUT | FCAST | HR PER PT'!H9)*'INPUT | SEGMENTATION'!$F$8 -> 2651.7064 | I9: =('OUTPUT | BLINE | HR PER PT'!I9-'OUTPUT | FCAST | HR PER PT'!I9)*'INPUT | SEGMENTATION'!$F$8 -> 75721.237 | K9: Linking | L9: =('OUTPUT | BLINE | HR PER PT'!L9-'OUTPUT | FCAST | HR PER PT'!L9)*'INPUT | SEGMENTATION'!$F$9 -> 116060.58 | M9: =('OUTPUT | BLINE | HR PER PT'!M9-'OUTPUT | FCAST | HR PER PT'!M9)*'INPUT | SEGMENTATION'!$F$9 -> 137424.23 | N9: =('OUTPUT | BLINE | HR PER PT'!N9-'OUTPUT | FCAST | HR PER PT'!N9)*'INPUT | SEGMENTATION'!$F$9 -> 57649.75 | O9: =('OUTPUT | BLINE | HR PER PT'!O9-'OUTPUT | FCAST | HR PER PT'!O9)*'INPUT | SEGMENTATION'!$F$9 -> 28933.297 | P9: =('OUTPUT | BLINE | HR PER PT'!P9-'OUTPUT | FCAST | HR PER PT'!P9)*'INPUT | SEGMENTATION'!$F$9 -> 15319.796 | Q9: =('OUTPUT | BLINE | HR PER PT'!Q9-'OUTPUT | FCAST | HR PER PT'!Q9)*'INPUT | SEGMENTATION'!$F$9 -> 12897.081 | R9: =('OUTPUT | BLINE | HR PER PT'!R9-'OUTPUT | FCAST | HR PER PT'!R9)*'INPUT | SEGMENTATION'!$F$9 -> 368284.73
B10: Overall | C10: =('OUTPUT | BLINE | HR PER PT'!C10-'OUTPUT | FCAST | HR PER PT'!C10)*'INPUT | SEGMENTATION'!$F$8 -> 439626.35 | D10: =('OUTPUT | BLINE | HR PER PT'!D10-'OUTPUT | FCAST | HR PER PT'!D10)*'INPUT | SEGMENTATION'!$F$8 -> 185777.48 | E10: =('OUTPUT | BLINE | HR PER PT'!E10-'OUTPUT | FCAST | HR PER PT'!E10)*'INPUT | SEGMENTATION'!$F$8 -> 65602.269 | F10: =('OUTPUT | BLINE | HR PER PT'!F10-'OUTPUT | FCAST | HR PER PT'!F10)*'INPUT | SEGMENTATION'!$F$8 -> 25573.152 | G10: =('OUTPUT | BLINE | HR PER PT'!G10-'OUTPUT | FCAST | HR PER PT'!G10)*'INPUT | SEGMENTATION'!$F$8 -> 15176.449 | H10: =('OUTPUT | BLINE | HR PER PT'!H10-'OUTPUT | FCAST | HR PER PT'!H10)*'INPUT | SEGMENTATION'!$F$8 -> 15910.238 | I10: =('OUTPUT | BLINE | HR PER PT'!I10-'OUTPUT | FCAST | HR PER PT'!I10)*'INPUT | SEGMENTATION'!$F$8 -> 747665.93 | K10: Overall | L10: =('OUTPUT | BLINE | HR PER PT'!L10-'OUTPUT | FCAST | HR PER PT'!L10)*'INPUT | SEGMENTATION'!$F$9 -> 2138206.9 | M10: =('OUTPUT | BLINE | HR PER PT'!M10-'OUTPUT | FCAST | HR PER PT'!M10)*'INPUT | SEGMENTATION'!$F$9 -> 903564.33 | N10: =('OUTPUT | BLINE | HR PER PT'!N10-'OUTPUT | FCAST | HR PER PT'!N10)*'INPUT | SEGMENTATION'!$F$9 -> 319069.19 | O10: =('OUTPUT | BLINE | HR PER PT'!O10-'OUTPUT | FCAST | HR PER PT'!O10)*'INPUT | SEGMENTATION'!$F$9 -> 124379.92 | P10: =('OUTPUT | BLINE | HR PER PT'!P10-'OUTPUT | FCAST | HR PER PT'!P10)*'INPUT | SEGMENTATION'!$F$9 -> 73813.564 | Q10: =('OUTPUT | BLINE | HR PER PT'!Q10-'OUTPUT | FCAST | HR PER PT'!Q10)*'INPUT | SEGMENTATION'!$F$9 -> 77382.489 | R10: =('OUTPUT | BLINE | HR PER PT'!R10-'OUTPUT | FCAST | HR PER PT'!R10)*'INPUT | SEGMENTATION'!$F$9 -> 3636416.4
B12: Blue Segment | K12: Red Segment
C14: Workforce Group | L14: Workforce Group
B15: Task | C15: A | D15: B | E15: C | F15: D | G15: E | H15: F | I15: Overall | K15: Task | L15: A | M15: B | N15: C | O15: D | P15: E | Q15: F | R15: Overall
B16: Prevention, Enablement and Rehabilitation | C16: =('OUTPUT | BLINE | HR PER PT'!C16-'OUTPUT | FCAST | HR PER PT'!C16)*'INPUT | SEGMENTATION'!$F$10 -> 2287768.8 | D16: =('OUTPUT | BLINE | HR PER PT'!D16-'OUTPUT | FCAST | HR PER PT'!D16)*'INPUT | SEGMENTATION'!$F$10 -> 737819.88 | E16: =('OUTPUT | BLINE | HR PER PT'!E16-'OUTPUT | FCAST | HR PER PT'!E16)*'INPUT | SEGMENTATION'!$F$10 -> 227137.84 | F16: =('OUTPUT | BLINE | HR PER PT'!F16-'OUTPUT | FCAST | HR PER PT'!F16)*'INPUT | SEGMENTATION'!$F$10 -> 89990.411 | G16: =('OUTPUT | BLINE | HR PER PT'!G16-'OUTPUT | FCAST | HR PER PT'!G16)*'INPUT | SEGMENTATION'!$F$10 -> 36888.229 | H16: =('OUTPUT | BLINE | HR PER PT'!H16-'OUTPUT | FCAST | HR PER PT'!H16)*'INPUT | SEGMENTATION'!$F$10 -> 45008.22 | I16: =('OUTPUT | BLINE | HR PER PT'!I16-'OUTPUT | FCAST | HR PER PT'!I16)*'INPUT | SEGMENTATION'!$F$10 -> 3424613.4 | K16: Prevention, Enablement and Rehabilitation | L16: =('OUTPUT | BLINE | HR PER PT'!L16-'OUTPUT | FCAST | HR PER PT'!L16)*'INPUT | SEGMENTATION'!$F$11 -> 3529823.4 | M16: =('OUTPUT | BLINE | HR PER PT'!M16-'OUTPUT | FCAST | HR PER PT'!M16)*'INPUT | SEGMENTATION'!$F$11 -> 1138390.3 | N16: =('OUTPUT | BLINE | HR PER PT'!N16-'OUTPUT | FCAST | HR PER PT'!N16)*'INPUT | SEGMENTATION'!$F$11 -> 350453.45 | O16: =('OUTPUT | BLINE | HR PER PT'!O16-'OUTPUT | FCAST | HR PER PT'!O16)*'INPUT | SEGMENTATION'!$F$11 -> 138847.19 | P16: =('OUTPUT | BLINE | HR PER PT'!P16-'OUTPUT | FCAST | HR PER PT'!P16)*'INPUT | SEGMENTATION'!$F$11 -> 56915.25 | Q16: =('OUTPUT | BLINE | HR PER PT'!Q16-'OUTPUT | FCAST | HR PER PT'!Q16)*'INPUT | SEGMENTATION'!$F$11 -> 69443.673 | R16: =('OUTPUT | BLINE | HR PER PT'!R16-'OUTPUT | FCAST | HR PER PT'!R16)*'INPUT | SEGMENTATION'!$F$11 -> 5283873.3
B17: Assessment and Planning | C17: =('OUTPUT | BLINE | HR PER PT'!C17-'OUTPUT | FCAST | HR PER PT'!C17)*'INPUT | SEGMENTATION'!$F$10 -> 914169.92 | D17: =('OUTPUT | BLINE | HR PER PT'!D17-'OUTPUT | FCAST | HR PER PT'!D17)*'INPUT | SEGMENTATION'!$F$10 -> 474049.28 | E17: =('OUTPUT | BLINE | HR PER PT'!E17-'OUTPUT | FCAST | HR PER PT'!E17)*'INPUT | SEGMENTATION'!$F$10 -> 216661.88 | F17: =('OUTPUT | BLINE | HR PER PT'!F17-'OUTPUT | FCAST | HR PER PT'!F17)*'INPUT | SEGMENTATION'!$F$10 -> 74277.8 | G17: =('OUTPUT | BLINE | HR PER PT'!G17-'OUTPUT | FCAST | HR PER PT'!G17)*'INPUT | SEGMENTATION'!$F$10 -> 57824.791 | H17: =('OUTPUT | BLINE | HR PER PT'!H17-'OUTPUT | FCAST | HR PER PT'!H17)*'INPUT | SEGMENTATION'!$F$10 -> 62319.073 | I17: =('OUTPUT | BLINE | HR PER PT'!I17-'OUTPUT | FCAST | HR PER PT'!I17)*'INPUT | SEGMENTATION'!$F$10 -> 1799302.7 | K17: Assessment and Planning | L17: =('OUTPUT | BLINE | HR PER PT'!L17-'OUTPUT | FCAST | HR PER PT'!L17)*'INPUT | SEGMENTATION'!$F$11 -> 1410482.7 | M17: =('OUTPUT | BLINE | HR PER PT'!M17-'OUTPUT | FCAST | HR PER PT'!M17)*'INPUT | SEGMENTATION'!$F$11 -> 731415.8 | N17: =('OUTPUT | BLINE | HR PER PT'!N17-'OUTPUT | FCAST | HR PER PT'!N17)*'INPUT | SEGMENTATION'!$F$11 -> 334289.98 | O17: =('OUTPUT | BLINE | HR PER PT'!O17-'OUTPUT | FCAST | HR PER PT'!O17)*'INPUT | SEGMENTATION'!$F$11 -> 114604.03 | P17: =('OUTPUT | BLINE | HR PER PT'!P17-'OUTPUT | FCAST | HR PER PT'!P17)*'INPUT | SEGMENTATION'!$F$11 -> 89218.501 | Q17: =('OUTPUT | BLINE | HR PER PT'!Q17-'OUTPUT | FCAST | HR PER PT'!Q17)*'INPUT | SEGMENTATION'!$F$11 -> 96152.778 | R17: =('OUTPUT | BLINE | HR PER PT'!R17-'OUTPUT | FCAST | HR PER PT'!R17)*'INPUT | SEGMENTATION'!$F$11 -> 2776163.8
B18: Treatment and Relieving | C18: =('OUTPUT | BLINE | HR PER PT'!C18-'OUTPUT | FCAST | HR PER PT'!C18)*'INPUT | SEGMENTATION'!$F$10 -> 1140759 | D18: =('OUTPUT | BLINE | HR PER PT'!D18-'OUTPUT | FCAST | HR PER PT'!D18)*'INPUT | SEGMENTATION'!$F$10 -> 433469.18 | E18: =('OUTPUT | BLINE | HR PER PT'!E18-'OUTPUT | FCAST | HR PER PT'!E18)*'INPUT | SEGMENTATION'!$F$10 -> 117616.45 | F18: =('OUTPUT | BLINE | HR PER PT'!F18-'OUTPUT | FCAST | HR PER PT'!F18)*'INPUT | SEGMENTATION'!$F$10 -> 40709.948 | G18: =('OUTPUT | BLINE | HR PER PT'!G18-'OUTPUT | FCAST | HR PER PT'!G18)*'INPUT | SEGMENTATION'!$F$10 -> 30906.354 | H18: =('OUTPUT | BLINE | HR PER PT'!H18-'OUTPUT | FCAST | HR PER PT'!H18)*'INPUT | SEGMENTATION'!$F$10 -> 31159.537 | I18: =('OUTPUT | BLINE | HR PER PT'!I18-'OUTPUT | FCAST | HR PER PT'!I18)*'INPUT | SEGMENTATION'!$F$10 -> 1794620.5 | K18: Treatment and Relieving | L18: =('OUTPUT | BLINE | HR PER PT'!L18-'OUTPUT | FCAST | HR PER PT'!L18)*'INPUT | SEGMENTATION'!$F$11 -> 1760089.6 | M18: =('OUTPUT | BLINE | HR PER PT'!M18-'OUTPUT | FCAST | HR PER PT'!M18)*'INPUT | SEGMENTATION'!$F$11 -> 668804.33 | N18: =('OUTPUT | BLINE | HR PER PT'!N18-'OUTPUT | FCAST | HR PER PT'!N18)*'INPUT | SEGMENTATION'!$F$11 -> 181471.7 | O18: =('OUTPUT | BLINE | HR PER PT'!O18-'OUTPUT | FCAST | HR PER PT'!O18)*'INPUT | SEGMENTATION'!$F$11 -> 62811.823 | P18: =('OUTPUT | BLINE | HR PER PT'!P18-'OUTPUT | FCAST | HR PER PT'!P18)*'INPUT | SEGMENTATION'!$F$11 -> 47685.75 | Q18: =('OUTPUT | BLINE | HR PER PT'!Q18-'OUTPUT | FCAST | HR PER PT'!Q18)*'INPUT | SEGMENTATION'!$F$11 -> 48076.389 | R18: =('OUTPUT | BLINE | HR PER PT'!R18-'OUTPUT | FCAST | HR PER PT'!R18)*'INPUT | SEGMENTATION'!$F$11 -> 2768939.6
B19: Linking | C19: =('OUTPUT | BLINE | HR PER PT'!C19-'OUTPUT | FCAST | HR PER PT'!C19)*'INPUT | SEGMENTATION'!$F$10 -> 249248.04 | D19: =('OUTPUT | BLINE | HR PER PT'!D19-'OUTPUT | FCAST | HR PER PT'!D19)*'INPUT | SEGMENTATION'!$F$10 -> 295127.95 | E19: =('OUTPUT | BLINE | HR PER PT'!E19-'OUTPUT | FCAST | HR PER PT'!E19)*'INPUT | SEGMENTATION'!$F$10 -> 123806.79 | F19: =('OUTPUT | BLINE | HR PER PT'!F19-'OUTPUT | FCAST | HR PER PT'!F19)*'INPUT | SEGMENTATION'!$F$10 -> 62136.236 | G19: =('OUTPUT | BLINE | HR PER PT'!G19-'OUTPUT | FCAST | HR PER PT'!G19)*'INPUT | SEGMENTATION'!$F$10 -> 32900.312 | H19: =('OUTPUT | BLINE | HR PER PT'!H19-'OUTPUT | FCAST | HR PER PT'!H19)*'INPUT | SEGMENTATION'!$F$10 -> 27697.366 | I19: =('OUTPUT | BLINE | HR PER PT'!I19-'OUTPUT | FCAST | HR PER PT'!I19)*'INPUT | SEGMENTATION'!$F$10 -> 790916.69 | K19: Linking | L19: =('OUTPUT | BLINE | HR PER PT'!L19-'OUTPUT | FCAST | HR PER PT'!L19)*'INPUT | SEGMENTATION'!$F$11 -> 384567.51 | M19: =('OUTPUT | BLINE | HR PER PT'!M19-'OUTPUT | FCAST | HR PER PT'!M19)*'INPUT | SEGMENTATION'!$F$11 -> 455356.14 | N19: =('OUTPUT | BLINE | HR PER PT'!N19-'OUTPUT | FCAST | HR PER PT'!N19)*'INPUT | SEGMENTATION'!$F$11 -> 191022.84 | O19: =('OUTPUT | BLINE | HR PER PT'!O19-'OUTPUT | FCAST | HR PER PT'!O19)*'INPUT | SEGMENTATION'!$F$11 -> 95870.677 | P19: =('OUTPUT | BLINE | HR PER PT'!P19-'OUTPUT | FCAST | HR PER PT'!P19)*'INPUT | SEGMENTATION'!$F$11 -> 50762.25 | Q19: =('OUTPUT | BLINE | HR PER PT'!Q19-'OUTPUT | FCAST | HR PER PT'!Q19)*'INPUT | SEGMENTATION'!$F$11 -> 42734.568 | R19: =('OUTPUT | BLINE | HR PER PT'!R19-'OUTPUT | FCAST | HR PER PT'!R19)*'INPUT | SEGMENTATION'!$F$11 -> 1220314
B20: Overall | C20: =('OUTPUT | BLINE | HR PER PT'!C20-'OUTPUT | FCAST | HR PER PT'!C20)*'INPUT | SEGMENTATION'!$F$10 -> 4591945.8 | D20: =('OUTPUT | BLINE | HR PER PT'!D20-'OUTPUT | FCAST | HR PER PT'!D20)*'INPUT | SEGMENTATION'!$F$10 -> 1940466.3 | E20: =('OUTPUT | BLINE | HR PER PT'!E20-'OUTPUT | FCAST | HR PER PT'!E20)*'INPUT | SEGMENTATION'!$F$10 -> 685222.95 | F20: =('OUTPUT | BLINE | HR PER PT'!F20-'OUTPUT | FCAST | HR PER PT'!F20)*'INPUT | SEGMENTATION'!$F$10 -> 267114.4 | G20: =('OUTPUT | BLINE | HR PER PT'!G20-'OUTPUT | FCAST | HR PER PT'!G20)*'INPUT | SEGMENTATION'!$F$10 -> 158519.69 | H20: =('OUTPUT | BLINE | HR PER PT'!H20-'OUTPUT | FCAST | HR PER PT'!H20)*'INPUT | SEGMENTATION'!$F$10 -> 166184.2 | I20: =('OUTPUT | BLINE | HR PER PT'!I20-'OUTPUT | FCAST | HR PER PT'!I20)*'INPUT | SEGMENTATION'!$F$10 -> 7809453.3 | K20: Overall | L20: =('OUTPUT | BLINE | HR PER PT'!L20-'OUTPUT | FCAST | HR PER PT'!L20)*'INPUT | SEGMENTATION'!$F$11 -> 7084963.3 | M20: =('OUTPUT | BLINE | HR PER PT'!M20-'OUTPUT | FCAST | HR PER PT'!M20)*'INPUT | SEGMENTATION'!$F$11 -> 2993966.6 | N20: =('OUTPUT | BLINE | HR PER PT'!N20-'OUTPUT | FCAST | HR PER PT'!N20)*'INPUT | SEGMENTATION'!$F$11 -> 1057238 | O20: =('OUTPUT | BLINE | HR PER PT'!O20-'OUTPUT | FCAST | HR PER PT'!O20)*'INPUT | SEGMENTATION'!$F$11 -> 412133.71 | P20: =('OUTPUT | BLINE | HR PER PT'!P20-'OUTPUT | FCAST | HR PER PT'!P20)*'INPUT | SEGMENTATION'!$F$11 -> 244581.75 | Q20: =('OUTPUT | BLINE | HR PER PT'!Q20-'OUTPUT | FCAST | HR PER PT'!Q20)*'INPUT | SEGMENTATION'!$F$11 -> 256407.41 | R20: =('OUTPUT | BLINE | HR PER PT'!R20-'OUTPUT | FCAST | HR PER PT'!R20)*'INPUT | SEGMENTATION'!$F$11 -> 12049291
B22: Overall
C24: Skill Level
B25: Task | C25: A | D25: B | E25: C | F25: D | G25: E | H25: F | I25: Overall
B26: Prevention, Enablement and Rehabilitation | C26: =C6+L6+C16+L16 -> 7101903.3 | D26: =D6+M6+D16+M16 -> 2290408.6 | E26: =E6+N6+E16+N16 -> 705102.26 | F26: =F6+O6+F16+O16 -> 279356.55 | G26: =G6+P6+G16+P16 -> 114511.85 | H26: =H6+Q6+H16+Q16 -> 139718.67 | I26: =I6+R6+I16+R16 -> 10631001
B27: Assessment and Planning | C27: =C7+L7+C17+L17 -> 2837850.7 | D27: =D7+M7+D17+M17 -> 1471587.5 | E27: =E7+N7+E17+N17 -> 672581.82 | F27: =F7+O7+F17+O17 -> 230580.01 | G27: =G7+P7+G17+P17 -> 179505.06 | H27: =H7+Q7+H17+Q17 -> 193456.62 | I27: =I7+R7+I17+R17 -> 5585561.7
B28: Treatment and Relieving | C28: =C8+L8+C18+L18 -> 3541249.6 | D28: =D8+M8+D18+M18 -> 1345615.1 | E28: =E8+N8+E18+N18 -> 365115.84 | F28: =F8+O8+F18+O18 -> 126375.58 | G28: =G8+P8+G18+P18 -> 95942.358 | H28: =H8+Q8+H18+Q18 -> 96728.312 | I28: =I8+R8+I18+R18 -> 5571026.7
B29: Linking | C29: =C9+L9+C19+L19 -> 773738.78 | D29: =D9+M9+D19+M19 -> 916163.45 | E29: =E9+N9+E19+N19 -> 384332.47 | F29: =F9+O9+F19+O19 -> 192889.04 | G29: =G9+P9+G19+P19 -> 102132.19 | H29: =H9+Q9+H19+Q19 -> 85980.722 | I29: =I9+R9+I19+R19 -> 2455236.7
B30: Overall | C30: =C10+L10+C20+L20 -> 14254742 | D30: =D10+M10+D20+M20 -> 6023774.7 | E30: =E10+N10+E20+N20 -> 2127132.4 | F30: =F10+O10+F20+O20 -> 829201.18 | G30: =G10+P10+G20+P20 -> 492091.45 | H30: =H10+Q10+H20+Q20 -> 515884.33 | I30: =I10+R10+I20+R20 -> 24242826

Sheet OUTPUT | DIFF | ADD FTE
B2: Green Segment | K2: Amber Segment
C4: Workforce Group | L4: Workforce Group
B5: Task | C5: A | D5: B | E5: C | F5: D | G5: E | H5: F | I5: Overall | K5: Task | L5: A | M5: B | N5: C | O5: D | P5: E | Q5: F | R5: Overall
B6: Prevention, Enablement and Rehabilitation | C6: ='OUTPUT | DIFF | ADD HOURS'!C6/'CALC | FCAST | HOURS'!L$30 -> 132.74408 | D6: ='OUTPUT | DIFF | ADD HOURS'!D6/'CALC | FCAST | HOURS'!M$30 -> 42.810803 | E6: ='OUTPUT | DIFF | ADD HOURS'!E6/'CALC | FCAST | HOURS'!N$30 -> 13.179305 | F6: ='OUTPUT | DIFF | ADD HOURS'!F6/'CALC | FCAST | HOURS'!O$30 -> 5.2215477 | G6: ='OUTPUT | DIFF | ADD HOURS'!G6/'CALC | FCAST | HOURS'!P$30 -> 2.1403797 | H6: ='OUTPUT | DIFF | ADD HOURS'!H6/'CALC | FCAST | HOURS'!Q$30 -> 2.611529 | I6: =SUM(C6:H6) -> 198.70764 | K6: Prevention, Enablement and Rehabilitation | L6: ='OUTPUT | DIFF | ADD HOURS'!L6/'CALC | FCAST | HOURS'!L$30 -> 645.62623 | M6: ='OUTPUT | DIFF | ADD HOURS'!M6/'CALC | FCAST | HOURS'!M$30 -> 208.21853 | N6: ='OUTPUT | DIFF | ADD HOURS'!N6/'CALC | FCAST | HOURS'!N$30 -> 64.100072 | O6: ='OUTPUT | DIFF | ADD HOURS'!O6/'CALC | FCAST | HOURS'!O$30 -> 25.395997 | P6: ='OUTPUT | DIFF | ADD HOURS'!P6/'CALC | FCAST | HOURS'!P$30 -> 10.410146 | Q6: ='OUTPUT | DIFF | ADD HOURS'!Q6/'CALC | FCAST | HOURS'!Q$30 -> 12.701671 | R6: =SUM(L6:Q6) -> 966.45265
B7: Assessment and Planning | C7: ='OUTPUT | DIFF | ADD HOURS'!C7/'CALC | FCAST | HOURS'!L$30 -> 53.043227 | D7: ='OUTPUT | DIFF | ADD HOURS'!D7/'CALC | FCAST | HOURS'!M$30 -> 27.505941 | E7: ='OUTPUT | DIFF | ADD HOURS'!E7/'CALC | FCAST | HOURS'!N$30 -> 12.571454 | F7: ='OUTPUT | DIFF | ADD HOURS'!F7/'CALC | FCAST | HOURS'!O$30 -> 4.3098489 | G7: ='OUTPUT | DIFF | ADD HOURS'!G7/'CALC | FCAST | HOURS'!P$30 -> 3.3551898 | H7: ='OUTPUT | DIFF | ADD HOURS'!H7/'CALC | FCAST | HOURS'!Q$30 -> 3.6159632 | I7: =SUM(C7:H7) -> 104.40162 | K7: Assessment and Planning | L7: ='OUTPUT | DIFF | ADD HOURS'!L7/'CALC | FCAST | HOURS'!L$30 -> 257.98589 | M7: ='OUTPUT | DIFF | ADD HOURS'!M7/'CALC | FCAST | HOURS'!M$30 -> 133.78041 | N7: ='OUTPUT | DIFF | ADD HOURS'!N7/'CALC | FCAST | HOURS'!N$30 -> 61.143675 | O7: ='OUTPUT | DIFF | ADD HOURS'!O7/'CALC | FCAST | HOURS'!O$30 -> 20.961775 | P7: ='OUTPUT | DIFF | ADD HOURS'!P7/'CALC | FCAST | HOURS'!P$30 -> 16.318608 | Q7: ='OUTPUT | DIFF | ADD HOURS'!Q7/'CALC | FCAST | HOURS'!Q$30 -> 17.586929 | R7: =SUM(L7:Q7) -> 507.77728
B8: Treatment and Relieving | C8: ='OUTPUT | DIFF | ADD HOURS'!C8/'CALC | FCAST | HOURS'!L$30 -> 66.190694 | D8: ='OUTPUT | DIFF | ADD HOURS'!D8/'CALC | FCAST | HOURS'!M$30 -> 25.151347 | E8: ='OUTPUT | DIFF | ADD HOURS'!E8/'CALC | FCAST | HOURS'!N$30 -> 6.8245038 | F8: ='OUTPUT | DIFF | ADD HOURS'!F8/'CALC | FCAST | HOURS'!O$30 -> 2.3621287 | G8: ='OUTPUT | DIFF | ADD HOURS'!G8/'CALC | FCAST | HOURS'!P$30 -> 1.7932911 | H8: ='OUTPUT | DIFF | ADD HOURS'!H8/'CALC | FCAST | HOURS'!Q$30 -> 1.8079816 | I8: =SUM(C8:H8) -> 104.12995 | K8: Treatment and Relieving | L8: ='OUTPUT | DIFF | ADD HOURS'!L8/'CALC | FCAST | HOURS'!L$30 -> 321.93111 | M8: ='OUTPUT | DIFF | ADD HOURS'!M8/'CALC | FCAST | HOURS'!M$30 -> 122.32839 | N8: ='OUTPUT | DIFF | ADD HOURS'!N8/'CALC | FCAST | HOURS'!N$30 -> 33.19228 | O8: ='OUTPUT | DIFF | ADD HOURS'!O8/'CALC | FCAST | HOURS'!O$30 -> 11.488665 | P8: ='OUTPUT | DIFF | ADD HOURS'!P8/'CALC | FCAST | HOURS'!P$30 -> 8.7220144 | Q8: ='OUTPUT | DIFF | ADD HOURS'!Q8/'CALC | FCAST | HOURS'!Q$30 -> 8.7934646 | R8: =SUM(L8:Q8) -> 506.45592
B9: Linking | C9: ='OUTPUT | DIFF | ADD HOURS'!C9/'CALC | FCAST | HOURS'!L$30 -> 14.462213 | D9: ='OUTPUT | DIFF | ADD HOURS'!D9/'CALC | FCAST | HOURS'!M$30 -> 17.124321 | E9: ='OUTPUT | DIFF | ADD HOURS'!E9/'CALC | FCAST | HOURS'!N$30 -> 7.1836882 | F9: ='OUTPUT | DIFF | ADD HOURS'!F9/'CALC | FCAST | HOURS'!O$30 -> 3.6053544 | G9: ='OUTPUT | DIFF | ADD HOURS'!G9/'CALC | FCAST | HOURS'!P$30 -> 1.9089873 | H9: ='OUTPUT | DIFF | ADD HOURS'!H9/'CALC | FCAST | HOURS'!Q$30 -> 1.6070948 | I9: =SUM(C9:H9) -> 45.891659 | K9: Linking | L9: ='OUTPUT | DIFF | ADD HOURS'!L9/'CALC | FCAST | HOURS'!L$30 -> 70.339743 | M9: ='OUTPUT | DIFF | ADD HOURS'!M9/'CALC | FCAST | HOURS'!M$30 -> 83.287414 | N9: ='OUTPUT | DIFF | ADD HOURS'!N9/'CALC | FCAST | HOURS'!N$30 -> 34.939243 | O9: ='OUTPUT | DIFF | ADD HOURS'!O9/'CALC | FCAST | HOURS'!O$30 -> 17.535331 | P9: ='OUTPUT | DIFF | ADD HOURS'!P9/'CALC | FCAST | HOURS'!P$30 -> 9.284725 | Q9: ='OUTPUT | DIFF | ADD HOURS'!Q9/'CALC | FCAST | HOURS'!Q$30 -> 7.816413 | R9: =SUM(L9:Q9) -> 223.20287
B10: Overall | C10: ='OUTPUT | DIFF | ADD HOURS'!C10/'CALC | FCAST | HOURS'!L$30 -> 266.44021 | D10: ='OUTPUT | DIFF | ADD HOURS'!D10/'CALC | FCAST | HOURS'!M$30 -> 112.59241 | E10: ='OUTPUT | DIFF | ADD HOURS'!E10/'CALC | FCAST | HOURS'!N$30 -> 39.758951 | F10: ='OUTPUT | DIFF | ADD HOURS'!F10/'CALC | FCAST | HOURS'!O$30 -> 15.49888 | G10: ='OUTPUT | DIFF | ADD HOURS'!G10/'CALC | FCAST | HOURS'!P$30 -> 9.1978478 | H10: ='OUTPUT | DIFF | ADD HOURS'!H10/'CALC | FCAST | HOURS'!Q$30 -> 9.6425686 | I10: =SUM(C10:H10) -> 453.13087 | K10: Overall | L10: ='OUTPUT | DIFF | ADD HOURS'!L10/'CALC | FCAST | HOURS'!L$30 -> 1295.883 | M10: ='OUTPUT | DIFF | ADD HOURS'!M10/'CALC | FCAST | HOURS'!M$30 -> 547.61474 | N10: ='OUTPUT | DIFF | ADD HOURS'!N10/'CALC | FCAST | HOURS'!N$30 -> 193.37527 | O10: ='OUTPUT | DIFF | ADD HOURS'!O10/'CALC | FCAST | HOURS'!O$30 -> 75.381769 | P10: ='OUTPUT | DIFF | ADD HOURS'!P10/'CALC | FCAST | HOURS'!P$30 -> 44.735493 | Q10: ='OUTPUT | DIFF | ADD HOURS'!Q10/'CALC | FCAST | HOURS'!Q$30 -> 46.898478 | R10: =SUM(L10:Q10) -> 2203.8887
B12: Blue Segment | K12: Red Segment
C14: Workforce Group | L14: Workforce Group
B15: Task | C15: A | D15: B | E15: C | F15: D | G15: E | H15: F | I15: Overall | K15: Task | L15: A | M15: B | N15: C | O15: D | P15: E | Q15: F | R15: Overall
B16: Prevention, Enablement and Rehabilitation | C16: ='OUTPUT | DIFF | ADD HOURS'!C16/'CALC | FCAST | HOURS'!L$30 -> 1386.5266 | D16: ='OUTPUT | DIFF | ADD HOURS'!D16/'CALC | FCAST | HOURS'!M$30 -> 447.16357 | E16: ='OUTPUT | DIFF | ADD HOURS'!E16/'CALC | FCAST | HOURS'!N$30 -> 137.6593 | F16: ='OUTPUT | DIFF | ADD HOURS'!F16/'CALC | FCAST | HOURS'!O$30 -> 54.539643 | G16: ='OUTPUT | DIFF | ADD HOURS'!G16/'CALC | FCAST | HOURS'!P$30 -> 22.356502 | H16: ='OUTPUT | DIFF | ADD HOURS'!H16/'CALC | FCAST | HOURS'!Q$30 -> 27.277709 | I16: =SUM(C16:H16) -> 2075.5233 | K16: Prevention, Enablement and Rehabilitation | L16: ='OUTPUT | DIFF | ADD HOURS'!L16/'CALC | FCAST | HOURS'!L$30 -> 2139.2869 | M16: ='OUTPUT | DIFF | ADD HOURS'!M16/'CALC | FCAST | HOURS'!M$30 -> 689.93354 | N16: ='OUTPUT | DIFF | ADD HOURS'!N16/'CALC | FCAST | HOURS'!N$30 -> 212.39603 | O16: ='OUTPUT | DIFF | ADD HOURS'!O16/'CALC | FCAST | HOURS'!O$30 -> 84.14981 | P16: ='OUTPUT | DIFF | ADD HOURS'!P16/'CALC | FCAST | HOURS'!P$30 -> 34.494091 | Q16: ='OUTPUT | DIFF | ADD HOURS'!Q16/'CALC | FCAST | HOURS'!Q$30 -> 42.087075 | R16: =SUM(L16:Q16) -> 3202.3475
B17: Assessment and Planning | C17: ='OUTPUT | DIFF | ADD HOURS'!C17/'CALC | FCAST | HOURS'!L$30 -> 554.04237 | D17: ='OUTPUT | DIFF | ADD HOURS'!D17/'CALC | FCAST | HOURS'!M$30 -> 287.30259 | E17: ='OUTPUT | DIFF | ADD HOURS'!E17/'CALC | FCAST | HOURS'!N$30 -> 131.31023 | F17: ='OUTPUT | DIFF | ADD HOURS'!F17/'CALC | FCAST | HOURS'!O$30 -> 45.016848 | G17: ='OUTPUT | DIFF | ADD HOURS'!G17/'CALC | FCAST | HOURS'!P$30 -> 35.045328 | H17: ='OUTPUT | DIFF | ADD HOURS'!H17/'CALC | FCAST | HOURS'!Q$30 -> 37.769135 | I17: =SUM(C17:H17) -> 1090.4865 | K17: Assessment and Planning | L17: ='OUTPUT | DIFF | ADD HOURS'!L17/'CALC | FCAST | HOURS'!L$30 -> 854.83802 | M17: ='OUTPUT | DIFF | ADD HOURS'!M17/'CALC | FCAST | HOURS'!M$30 -> 443.2823 | N17: ='OUTPUT | DIFF | ADD HOURS'!N17/'CALC | FCAST | HOURS'!N$30 -> 202.59999 | O17: ='OUTPUT | DIFF | ADD HOURS'!O17/'CALC | FCAST | HOURS'!O$30 -> 69.456986 | P17: ='OUTPUT | DIFF | ADD HOURS'!P17/'CALC | FCAST | HOURS'!P$30 -> 54.071819 | Q17: ='OUTPUT | DIFF | ADD HOURS'!Q17/'CALC | FCAST | HOURS'!Q$30 -> 58.274411 | R17: =SUM(L17:Q17) -> 1682.5235
B18: Treatment and Relieving | C18: ='OUTPUT | DIFF | ADD HOURS'!C18/'CALC | FCAST | HOURS'!L$30 -> 691.36911 | D18: ='OUTPUT | DIFF | ADD HOURS'!D18/'CALC | FCAST | HOURS'!M$30 -> 262.7086 | E18: ='OUTPUT | DIFF | ADD HOURS'!E18/'CALC | FCAST | HOURS'!N$30 -> 71.282696 | F18: ='OUTPUT | DIFF | ADD HOURS'!F18/'CALC | FCAST | HOURS'!O$30 -> 24.672696 | G18: ='OUTPUT | DIFF | ADD HOURS'!G18/'CALC | FCAST | HOURS'!P$30 -> 18.731124 | H18: ='OUTPUT | DIFF | ADD HOURS'!H18/'CALC | FCAST | HOURS'!Q$30 -> 18.884568 | I18: =SUM(C18:H18) -> 1087.6488 | K18: Treatment and Relieving | L18: ='OUTPUT | DIFF | ADD HOURS'!L18/'CALC | FCAST | HOURS'!L$30 -> 1066.7209 | M18: ='OUTPUT | DIFF | ADD HOURS'!M18/'CALC | FCAST | HOURS'!M$30 -> 405.33596 | N18: ='OUTPUT | DIFF | ADD HOURS'!N18/'CALC | FCAST | HOURS'!N$30 -> 109.98285 | O18: ='OUTPUT | DIFF | ADD HOURS'!O18/'CALC | FCAST | HOURS'!O$30 -> 38.067771 | P18: ='OUTPUT | DIFF | ADD HOURS'!P18/'CALC | FCAST | HOURS'!P$30 -> 28.900455 | Q18: ='OUTPUT | DIFF | ADD HOURS'!Q18/'CALC | FCAST | HOURS'!Q$30 -> 29.137205 | R18: =SUM(L18:Q18) -> 1678.1452
B19: Linking | C19: ='OUTPUT | DIFF | ADD HOURS'!C19/'CALC | FCAST | HOURS'!L$30 -> 151.05942 | D19: ='OUTPUT | DIFF | ADD HOURS'!D19/'CALC | FCAST | HOURS'!M$30 -> 178.86543 | E19: ='OUTPUT | DIFF | ADD HOURS'!E19/'CALC | FCAST | HOURS'!N$30 -> 75.034417 | F19: ='OUTPUT | DIFF | ADD HOURS'!F19/'CALC | FCAST | HOURS'!O$30 -> 37.658325 | G19: ='OUTPUT | DIFF | ADD HOURS'!G19/'CALC | FCAST | HOURS'!P$30 -> 19.939583 | H19: ='OUTPUT | DIFF | ADD HOURS'!H19/'CALC | FCAST | HOURS'!Q$30 -> 16.786282 | I19: =SUM(C19:H19) -> 479.34345 | K19: Linking | L19: ='OUTPUT | DIFF | ADD HOURS'!L19/'CALC | FCAST | HOURS'!L$30 -> 233.07122 | M19: ='OUTPUT | DIFF | ADD HOURS'!M19/'CALC | FCAST | HOURS'!M$30 -> 275.97342 | N19: ='OUTPUT | DIFF | ADD HOURS'!N19/'CALC | FCAST | HOURS'!N$30 -> 115.77142 | O19: ='OUTPUT | DIFF | ADD HOURS'!O19/'CALC | FCAST | HOURS'!O$30 -> 58.10344 | P19: ='OUTPUT | DIFF | ADD HOURS'!P19/'CALC | FCAST | HOURS'!P$30 -> 30.765 | Q19: ='OUTPUT | DIFF | ADD HOURS'!Q19/'CALC | FCAST | HOURS'!Q$30 -> 25.899738 | R19: =SUM(L19:Q19) -> 739.58424
B20: Overall | C20: ='OUTPUT | DIFF | ADD HOURS'!C20/'CALC | FCAST | HOURS'!L$30 -> 2782.9975 | D20: ='OUTPUT | DIFF | ADD HOURS'!D20/'CALC | FCAST | HOURS'!M$30 -> 1176.0402 | E20: ='OUTPUT | DIFF | ADD HOURS'!E20/'CALC | FCAST | HOURS'!N$30 -> 415.28664 | F20: ='OUTPUT | DIFF | ADD HOURS'!F20/'CALC | FCAST | HOURS'!O$30 -> 161.88751 | G20: ='OUTPUT | DIFF | ADD HOURS'!G20/'CALC | FCAST | HOURS'!P$30 -> 96.072537 | H20: ='OUTPUT | DIFF | ADD HOURS'!H20/'CALC | FCAST | HOURS'!Q$30 -> 100.71769 | I20: =SUM(C20:H20) -> 4733.002 | K20: Overall | L20: ='OUTPUT | DIFF | ADD HOURS'!L20/'CALC | FCAST | HOURS'!L$30 -> 4293.9171 | M20: ='OUTPUT | DIFF | ADD HOURS'!M20/'CALC | FCAST | HOURS'!M$30 -> 1814.5252 | N20: ='OUTPUT | DIFF | ADD HOURS'!N20/'CALC | FCAST | HOURS'!N$30 -> 640.75028 | O20: ='OUTPUT | DIFF | ADD HOURS'!O20/'CALC | FCAST | HOURS'!O$30 -> 249.77801 | P20: ='OUTPUT | DIFF | ADD HOURS'!P20/'CALC | FCAST | HOURS'!P$30 -> 148.23136 | Q20: ='OUTPUT | DIFF | ADD HOURS'!Q20/'CALC | FCAST | HOURS'!Q$30 -> 155.39843 | R20: =SUM(L20:Q20) -> 7302.6004
B22: Overall
C24: Skill Level
B25: Task | C25: A | D25: B | E25: C | F25: D | G25: E | H25: F | I25: Overall
B26: Prevention, Enablement and Rehabilitation | C26: =C6+L6+C16+L16 -> 4304.1838 | D26: =D6+M6+D16+M16 -> 1388.1264 | E26: =E6+N6+E16+N16 -> 427.3347 | F26: =F6+O6+F16+O16 -> 169.307 | G26: =G6+P6+G16+P16 -> 69.401119 | H26: =H6+Q6+H16+Q16 -> 84.677984 | I26: =I6+R6+I16+R16 -> 6443.031
B27: Assessment and Planning | C27: =C7+L7+C17+L17 -> 1719.9095 | D27: =D7+M7+D17+M17 -> 891.87124 | E27: =E7+N7+E17+N17 -> 407.62534 | F27: =F7+O7+F17+O17 -> 139.74546 | G27: =G7+P7+G17+P17 -> 108.79094 | H27: =H7+Q7+H17+Q17 -> 117.24644 | I27: =I7+R7+I17+R17 -> 3385.1889
B28: Treatment and Relieving | C28: =C8+L8+C18+L18 -> 2146.2119 | D28: =D8+M8+D18+M18 -> 815.52429 | E28: =E8+N8+E18+N18 -> 221.28233 | F28: =F8+O8+F18+O18 -> 76.591261 | G28: =G8+P8+G18+P18 -> 58.146884 | H28: =H8+Q8+H18+Q18 -> 58.623219 | I28: =I8+R8+I18+R18 -> 3376.3798
B29: Linking | C29: =C9+L9+C19+L19 -> 468.93259 | D29: =D9+M9+D19+M19 -> 555.25058 | E29: =E9+N9+E19+N19 -> 232.92877 | F29: =F9+O9+F19+O19 -> 116.90245 | G29: =G9+P9+G19+P19 -> 61.898296 | H29: =H9+Q9+H19+Q19 -> 52.109528 | I29: =I9+R9+I19+R19 -> 1488.0222
B30: Overall | C30: =C10+L10+C20+L20 -> 8639.2378 | D30: =D10+M10+D20+M20 -> 3650.7725 | E30: =E10+N10+E20+N20 -> 1289.1711 | F30: =F10+O10+F20+O20 -> 502.54617 | G30: =G10+P10+G20+P20 -> 298.23724 | H30: =H10+Q10+H20+Q20 -> 312.65717 | I30: =I10+R10+I20+R20 -> 14692.622
